n,rows,cols,mode,file,chip_area_um2,staircase_um2,memory_die_um2,logic_die_um2,bond_pad_um2,chip_footprint_um2,array_eff_pct
4,128,128,CNA,results_resnet18_2T4C_128x128_CNA_no_pipeline.txt,2.49467e+08,89.088,14573.3,0,0,14573.3,1.61892
4,128,128,CUA,results_resnet18_2T4C_128x128_CUA_no_pipeline.txt,3.56078e+08,89.088,21989.3,0,0,21989.3,1.07293
4,128,128,CBA,results_resnet18_2T4C_128x128_CBA_no_pipeline.txt,2.72395e+08,89.088,325.018,16155.9,81,16155.9,1.46033
4,256,256,CNA,results_resnet18_2T4C_256x256_CNA_no_pipeline.txt,2.50532e+08,178.176,23295.1,0,0,23295.1,4.05115
4,256,256,CUA,results_resnet18_2T4C_256x256_CUA_no_pipeline.txt,3.60383e+08,178.176,36486.9,0,0,36486.9,2.58646
4,256,256,CBA,results_resnet18_2T4C_256x256_CBA_no_pipeline.txt,2.80006e+08,178.176,1121.89,26805.9,145,26805.9,3.52056
4,512,512,CNA,results_resnet18_2T4C_512x512_CNA_no_pipeline.txt,1.31621e+08,356.352,42228.6,0,0,42228.6,8.93914
4,512,512,CUA,results_resnet18_2T4C_512x512_CUA_no_pipeline.txt,1.8492e+08,356.352,65526.4,0,0,65526.4,5.76084
4,512,512,CBA,results_resnet18_2T4C_512x512_CBA_no_pipeline.txt,1.4548e+08,356.352,4131.23,48138.4,273,48138.4,7.84171
8,128,128,CNA,results_resnet18_2T8C_128x128_CNA_no_pipeline.txt,3.68963e+08,138.24,16639.8,0,0,16639.8,1.41786
8,128,128,CUA,results_resnet18_2T8C_128x128_CUA_no_pipeline.txt,4.99065e+08,138.24,23750.7,0,0,23750.7,0.99336
8,128,128,CBA,results_resnet18_2T8C_128x128_CBA_no_pipeline.txt,3.84443e+08,138.24,374.17,17450.9,82,17450.9,1.35197
8,256,256,CNA,results_resnet18_2T8C_256x256_CNA_no_pipeline.txt,1.7213e+08,276.48,26577,0,0,26577,3.55088
8,256,256,CUA,results_resnet18_2T8C_256x256_CUA_no_pipeline.txt,2.40396e+08,276.48,40110.5,0,0,40110.5,2.35279
8,256,256,CBA,results_resnet18_2T8C_256x256_CBA_no_pipeline.txt,1.86952e+08,276.48,1220.2,29470.1,146,29470.1,3.20229
8,512,512,CNA,results_resnet18_2T8C_512x512_CNA_no_pipeline.txt,,,,,,,
8,512,512,CUA,results_resnet18_2T8C_512x512_CUA_no_pipeline.txt,,,,,,,
8,512,512,CBA,results_resnet18_2T8C_512x512_CBA_no_pipeline.txt,,,,,,,
16,128,128,CNA,results_resnet18_2T16C_128x128_CNA_no_pipeline.txt,2.25213e+08,236.544,20749.8,0,0,20749.8,1.13702
16,128,128,CUA,results_resnet18_2T16C_128x128_CUA_no_pipeline.txt,2.82747e+08,236.544,27228.5,0,0,27228.5,0.866479
16,128,128,CBA,results_resnet18_2T16C_128x128_CBA_no_pipeline.txt,2.18998e+08,236.544,472.474,20007.8,84,20007.8,1.17919
16,256,256,CNA,results_resnet18_2T16C_256x256_CNA_no_pipeline.txt,,,,,,,
16,256,256,CUA,results_resnet18_2T16C_256x256_CUA_no_pipeline.txt,,,,,,,
16,256,256,CBA,results_resnet18_2T16C_256x256_CBA_no_pipeline.txt,,,,,,,
16,512,512,CNA,results_resnet18_2T16C_512x512_CNA_no_pipeline.txt,,,,,,,
16,512,512,CUA,results_resnet18_2T16C_512x512_CUA_no_pipeline.txt,,,,,,,
16,512,512,CBA,results_resnet18_2T16C_512x512_CBA_no_pipeline.txt,,,,,,,
32,128,128,CNA,results_resnet18_2T32C_128x128_CNA_no_pipeline.txt,,,,,,,
32,128,128,CUA,results_resnet18_2T32C_128x128_CUA_no_pipeline.txt,,,,,,,
32,128,128,CBA,results_resnet18_2T32C_128x128_CBA_no_pipeline.txt,,,,,,,
32,256,256,CNA,results_resnet18_2T32C_256x256_CNA_no_pipeline.txt,,,,,,,
32,256,256,CUA,results_resnet18_2T32C_256x256_CUA_no_pipeline.txt,,,,,,,
32,256,256,CBA,results_resnet18_2T32C_256x256_CBA_no_pipeline.txt,,,,,,,
32,512,512,CNA,results_resnet18_2T32C_512x512_CNA_no_pipeline.txt,,,,,,,
32,512,512,CUA,results_resnet18_2T32C_512x512_CUA_no_pipeline.txt,,,,,,,
32,512,512,CBA,results_resnet18_2T32C_512x512_CBA_no_pipeline.txt,,,,,,,
64,128,128,CNA,results_resnet18_2T64C_128x128_CNA_no_pipeline.txt,,,,,,,
64,128,128,CUA,results_resnet18_2T64C_128x128_CUA_no_pipeline.txt,,,,,,,
64,128,128,CBA,results_resnet18_2T64C_128x128_CBA_no_pipeline.txt,,,,,,,
64,256,256,CNA,results_resnet18_2T64C_256x256_CNA_no_pipeline.txt,,,,,,,
64,256,256,CUA,results_resnet18_2T64C_256x256_CUA_no_pipeline.txt,,,,,,,
64,256,256,CBA,results_resnet18_2T64C_256x256_CBA_no_pipeline.txt,,,,,,,
64,512,512,CNA,results_resnet18_2T64C_512x512_CNA_no_pipeline.txt,,,,,,,
64,512,512,CUA,results_resnet18_2T64C_512x512_CUA_no_pipeline.txt,,,,,,,
64,512,512,CBA,results_resnet18_2T64C_512x512_CBA_no_pipeline.txt,,,,,,,
