0,0,0,0,0,0,0,0,0,0,0,1,0,1,0,0
0,1,2,6,4,13,7,9,1,10,10,11,10,19,0,1
2,6,9,4,10,11,10,4,14,8,0,5,8,19,7,15
10,2,4,3,0,0,0,0,0,1,1,3,0,12,0,0
0,0,0,0,0,3,0,0,0,0,0,0,0,0,0,0
5,1,1,0,0,0,0,0,0,1,0,0,0,0,0,0
4,0,0,0,0,0,0,0,0,0,0,0,0,0,1,0
0,0,0,0,3,8,7,0,1,0,1,6,7,13,14,9
6,5,5,8,2,7,10,15,0,1,0,10,7,11,9,7
0,1,0,0,8,2,1,6,1,3,9,2,13,2,1,7
0,0,4,2,10,16,8,9,12,13,0,7,25,26,8,11
9,7,7,6,11,24,11,19,15,9,4,7,15,29,23,23
4,3,2,1,3,0,1,0,0,0,0,1,1,4,1,1
0,0,0,0,4,13,1,0,8,4,2,1,1,21,1,0
0,2,7,3,1,1,1,2,1,4,7,2,8,2,5,4
0,0,0,0,0,0,0,0,0,2,0,0,1,0,0,0
5,4,5,8,4,0,0,0,7,0,2,1,10,20,0,0
14,5,4,4,6,1,11,4,2,0,5,9,9,0,18,13
13,13,13,12,7,4,2,1,0,5,3,0,2,8,1,1
0,0,0,0,0,1,0,1,0,0,0,0,0,3,0,1
0,0,0,0,2,2,1,0,4,0,0,0,0,2,0,0
6,7,5,1,8,18,7,4,6,8,1,2,8,10,8,7
0,0,0,0,0,0,0,0,1,0,0,0,0,0,0,0
11,6,5,3,5,14,0,0,3,8,2,3,5,1,3,0
0,0,0,0,3,6,1,1,2,2,1,0,9,9,0,0
3,1,4,5,3,1,4,4,12,5,0,1,0,8,0,1
9,10,14,8,0,2,1,4,6,2,3,12,5,1,5,6
1,1,1,2,2,3,2,3,3,0,1,13,2,16,14,15
7,8,13,8,8,16,7,6,2,9,8,1,19,12,1,6
2,0,0,1,0,0,0,2,0,0,3,0,0,0,0,8
3,1,1,5,0,0,0,0,1,4,0,0,0,1,0,0
11,7,9,10,8,4,0,0,12,1,2,0,8,29,0,7
4,3,6,8,11,13,12,14,12,14,14,17,9,13,15,15
9,7,12,4,7,16,0,0,7,1,2,0,1,28,1,2
4,4,4,1,8,16,15,8,16,7,3,5,5,20,8,7
0,0,1,1,0,1,1,0,0,2,2,0,0,0,0,0
9,6,6,5,1,15,9,1,1,12,3,0,1,4,3,1
0,0,1,1,2,3,3,3,2,7,7,3,2,3,2,2
5,6,10,5,6,12,9,4,0,6,7,8,12,2,0,4
5,6,5,13,2,4,2,3,4,4,3,4,2,5,3,2
2,1,1,3,11,14,3,3,2,2,5,8,1,0,12,12
0,0,0,0,1,0,0,0,0,0,0,0,1,0,0,0
6,0,0,0,4,2,0,0,0,2,0,0,2,1,0,0
6,7,7,3,7,8,5,3,0,0,0,6,3,9,3,0
1,0,0,0,0,1,0,1,2,0,0,0,0,1,1,2
4,6,4,6,7,0,0,0,9,0,1,3,0,26,0,6
2,0,1,0,0,6,0,1,7,0,0,0,0,32,0,0
1,1,2,3,0,1,3,1,0,3,1,11,0,1,2,4
1,0,0,0,0,0,0,0,1,1,0,0,5,15,0,0
13,10,12,9,7,14,0,4,12,1,0,0,0,34,0,0
1,1,2,0,2,0,0,0,2,1,1,1,2,4,0,0
0,1,1,1,9,15,9,6,8,14,9,5,11,32,16,16
2,5,3,1,12,13,2,2,15,5,4,3,7,14,9,0
0,1,0,0,0,8,1,0,0,0,0,0,0,0,0,1
8,8,9,8,0,9,2,3,1,0,5,8,4,2,5,10
5,0,0,0,0,5,11,6,10,3,1,10,2,22,8,8
7,7,7,5,16,16,11,11,28,4,8,9,18,37,11,14
1,7,8,7,2,11,6,8,0,0,7,10,2,5,12,6
1,3,2,2,1,3,4,2,2,2,2,3,2,0,2,1
4,0,0,0,1,5,0,0,13,3,0,0,1,30,0,6
1,2,2,4,1,1,2,2,1,2,3,2,2,3,1,2
0,1,0,1,1,9,16,17,9,1,3,8,11,32,24,19
16,19,22,19,8,16,19,16,6,1,5,20,2,14,24,22
0,0,1,1,1,1,1,2,1,1,3,2,2,3,2,3
0,1,4,5,1,2,1,0,0,0,0,1,0,2,1,2
5,7,11,6,9,8,8,6,12,10,4,9,6,51,5,0
1,1,1,0,7,6,7,8,17,0,6,6,6,11,3,6
2,0,0,1,0,0,2,4,2,7,0,1,0,25,0,0
1,1,1,0,3,0,1,1,1,3,3,1,15,0,0,0
0,0,0,0,0,1,2,3,0,0,2,0,0,1,3,1
0,2,5,0,0,0,0,0,0,0,0,0,1,1,0,7
1,0,1,0,0,0,1,0,0,1,0,0,0,0,1,1
2,0,0,1,0,0,0,0,1,0,0,0,1,21,0,0
0,0,0,2,0,0,0,0,0,0,5,4,6,0,8,7
0,0,0,1,6,2,17,17,1,4,8,8,8,0,16,12
0,1,0,1,0,0,0,1,0,2,2,1,8,2,0,5
11,12,14,7,1,8,11,8,1,16,5,11,7,6,22,17
8,1,1,0,1,1,1,5,0,1,1,1,2,18,6,4
0,0,0,1,0,0,1,0,1,0,0,0,0,0,1,0
0,1,1,2,3,2,7,3,7,4,1,5,7,37,10,3
0,1,0,0,0,10,7,2,7,12,1,8,1,16,5,6
4,9,8,10,0,5,7,5,2,3,1,11,2,1,3,1
9,12,14,19,1,1,8,10,1,1,3,16,1,1,13,3
5,2,2,7,1,0,0,0,1,1,0,0,0,0,4,5
3,6,4,7,0,0,10,11,0,0,1,10,1,0,10,7
2,3,7,8,7,13,7,7,0,6,1,1,1,11,7,0
0,2,2,0,7,7,0,0,4,9,1,0,7,41,3,1
0,0,0,0,0,0,0,0,8,0,0,0,0,3,0,0
5,6,9,10,0,4,1,5,15,0,3,14,0,13,4,10
0,1,2,1,2,3,1,2,2,2,2,2,3,3,0,1
9,0,2,1,2,6,1,1,7,4,1,0,0,7,3,2
1,0,0,1,1,3,1,0,0,1,0,0,1,3,3,1
0,0,0,0,0,0,0,0,0,0,0,0,0,0,0,0
0,4,8,5,7,4,0,0,12,0,4,5,4,21,0,0
0,0,0,0,4,6,6,8,0,11,0,2,1,0,8,11
7,0,0,1,9,9,2,3,6,6,1,2,16,36,14,12
1,0,1,1,0,0,0,0,0,0,0,2,0,1,2,0
7,0,3,1,2,11,13,11,6,2,8,12,2,15,28,16
0,0,0,0,0,0,0,0,1,0,0,0,0,0,0,0
8,4,3,4,0,0,4,2,1,0,1,7,4,0,10,9
8,6,7,3,5,12,11,8,10,11,6,6,14,22,16,8
0,0,0,1,0,14,1,0,3,3,8,1,3,9,0,1
1,1,2,2,0,1,0,2,1,2,1,1,1,3,2,2
0,0,0,0,1,0,0,1,0,1,0,2,0,0,1,1
1,1,1,2,1,2,2,2,3,4,2,5,2,0,2,2
0,1,0,1,0,0,0,0,0,0,1,1,1,0,0,0
0,0,0,0,0,0,0,0,0,0,0,0,0,2,0,0
8,6,3,4,0,0,8,7,2,0,1,8,6,11,6,0
0,0,0,1,1,0,1,0,2,2,0,1,2,26,2,1
0,0,0,0,0,1,1,1,4,0,0,0,0,0,0,0
0,0,0,1,3,6,7,4,0,1,6,10,4,0,10,11
0,0,1,3,3,15,5,8,3,4,6,10,9,2,8,2
1,1,1,1,0,0,2,0,1,0,0,1,1,0,0,0
2,0,0,0,0,0,9,7,0,0,2,6,0,0,3,5
0,2,1,5,1,2,1,0,7,0,0,3,3,2,0,0
0,0,1,1,3,1,2,0,5,2,3,5,2,16,5,4
1,2,2,3,0,0,3,5,1,4,2,1,0,8,2,1
0,1,2,1,2,3,15,5,0,8,0,9,5,0,7,6
0,0,0,0,0,0,0,1,0,1,0,1,0,0,0,0
6,8,7,11,8,19,16,17,22,2,12,23,13,46,31,23
2,0,1,1,12,12,16,13,23,7,3,9,22,48,27,26
0,1,1,0,0,1,1,0,0,1,2,0,1,1,2,0
6,3,6,7,4,7,16,14,14,10,16,12,24,40,31,27
0,0,0,0,1,1,0,1,0,0,0,0,0,4,1,1
0,0,0,0,0,3,2,0,0,0,0,0,1,0,0,1
5,5,7,6,7,5,0,4,15,1,6,7,3,9,17,15
0,7,7,5,8,10,0,2,13,0,0,0,0,16,0,4
1,0,0,0,0,1,1,1,1,2,1,0,1,0,1,0
8,8,11,9,8,11,12,13,1,14,8,13,8,25,17,11
0,0,0,0,2,8,0,0,0,3,4,0,0,27,1,0
3,0,2,3,12,4,9,18,8,11,8,15,14,40,13,8
0,0,0,0,0,0,0,0,0,0,1,0,0,0,2,0
1,2,4,1,1,1,1,1,2,2,1,1,0,2,2,4
1,0,0,1,1,1,0,1,4,2,1,0,0,12,0,2
3,2,4,9,2,14,9,6,1,18,12,3,10,6,4,9
3,0,0,0,2,1,3,1,6,6,1,5,19,11,4,15
2,0,0,0,0,0,0,3,4,2,1,2,2,24,12,16
7,0,1,0,9,19,1,5,3,3,2,3,4,3,9,7
0,0,1,1,0,0,1,0,1,0,2,2,0,1,0,0
0,0,0,0,0,0,0,0,0,0,0,0,0,0,0,0
2,0,3,4,0,0,3,2,5,0,2,5,3,14,6,6
0,1,1,0,0,0,2,3,1,2,5,1,1,0,0,0
6,3,4,5,1,1,4,5,0,1,2,10,2,22,3,1
0,1,1,0,1,2,1,1,1,10,2,1,1,3,3,1
1,0,0,0,1,0,5,4,1,0,1,1,2,0,3,0
7,2,1,1,1,3,3,2,2,3,1,2,3,19,5,4
1,1,2,1,11,8,3,8,11,2,6,7,14,29,6,3
0,0,0,1,6,4,9,4,20,0,4,5,3,37,9,9
0,0,1,5,0,0,2,11,4,0,5,12,0,21,9,7
7,2,0,0,11,13,7,6,20,11,1,7,15,38,3,3
8,11,16,14,2,1,12,11,0,3,9,12,6,21,16,10
1,2,4,8,1,0,1,1,1,2,0,5,0,0,0,2
1,1,1,2,2,0,0,1,1,1,3,2,11,2,4,3
3,12,13,14,5,4,8,8,3,8,9,17,17,30,10,8
0,5,7,3,1,6,8,13,11,1,1,9,6,8,17,18
0,2,2,2,4,1,8,4,0,4,3,5,6,2,7,2
1,2,1,0,0,9,1,0,4,7,0,1,2,6,0,0
1,0,1,1,1,1,3,2,1,2,2,3,2,4,2,2
8,1,0,0,8,10,0,0,1,5,0,0,1,17,4,0
0,0,0,0,0,0,4,7,6,0,1,2,8,5,3,0
0,0,0,0,0,0,0,2,0,3,7,0,1,0,0,0
1,0,1,0,13,10,10,9,20,5,8,5,19,59,22,16
1,2,1,1,1,1,5,4,7,3,3,9,1,19,4,3
12,13,12,11,13,12,14,7,17,6,0,11,7,26,15,13
8,10,10,5,3,13,17,5,2,6,2,8,5,3,18,15
0,0,0,1,0,0,0,0,0,0,0,0,0,3,1,0
14,12,12,12,2,13,19,20,16,14,11,22,6,30,16,20
3,0,0,3,1,0,2,0,2,0,1,1,0,0,0,0
0,0,0,6,0,0,5,11,0,0,11,23,0,0,8,0
0,0,0,0,0,0,0,0,0,0,0,0,0,0,0,7
3,2,1,3,0,1,0,1,8,5,1,0,1,8,3,2
0,0,0,0,0,0,0,0,0,0,0,0,1,0,0,0
1,2,1,6,3,0,0,0,5,1,3,1,3,1,2,1
1,8,9,14,2,1,16,17,5,3,9,21,13,8,23,15
0,0,0,3,0,0,0,0,0,0,4,7,0,0,0,0
0,0,0,0,0,0,0,0,0,0,0,0,0,0,0,0
0,1,0,0,2,5,1,1,16,8,3,9,2,41,4,10
9,7,5,10,5,9,7,11,11,6,8,13,3,46,12,7
0,4,6,2,0,11,0,0,5,0,0,0,0,0,0,0
0,0,0,0,1,0,0,0,0,0,0,0,6,1,0,0
8,0,0,0,2,5,0,1,4,0,0,0,13,0,0,0
1,1,1,2,1,1,2,1,2,0,0,0,1,0,1,1
3,1,0,4,1,0,1,0,1,0,0,0,1,0,1,0
0,1,0,6,0,0,21,13,0,9,12,16,1,6,16,4
3,1,2,4,0,9,13,12,1,17,3,11,1,4,12,13
1,7,7,12,4,7,11,13,2,1,4,20,14,16,19,16
0,0,0,0,0,0,0,0,0,0,0,0,0,0,0,0
1,0,0,0,3,0,0,1,1,0,0,0,0,0,0,0
2,0,2,0,7,1,0,0,1,9,2,0,0,13,0,7
0,2,3,3,0,0,0,0,0,0,0,0,0,0,0,0
0,0,0,0,0,0,1,0,0,0,0,0,0,2,1,1
0,1,0,1,0,0,7,11,1,2,4,12,8,25,18,14
0,0,0,0,1,1,1,2,1,2,4,1,1,1,2,2
0,0,0,0,2,0,0,0,0,0,8,0,1,0,1,0
0,0,0,0,0,0,0,0,0,0,0,0,0,0,0,0
14,8,7,11,11,20,18,14,22,11,7,18,7,41,12,11
6,6,6,5,0,1,4,7,1,0,0,6,4,1,6,2
1,1,0,0,3,0,0,6,0,0,2,0,0,6,0,1
3,1,0,1,1,0,0,0,0,0,0,0,0,0,0,0
15,18,18,16,0,1,8,9,12,10,9,16,0,45,19,16
0,8,10,6,0,0,2,2,1,3,2,8,0,2,7,1
0,0,0,0,12,12,2,0,15,0,2,1,11,5,0,1
6,5,5,4,4,0,13,11,0,12,6,14,4,16,16,14
1,0,1,0,7,2,5,0,7,0,0,8,0,12,2,4
3,5,4,2,0,10,4,5,2,5,6,3,2,10,3,10
9,18,19,17,1,2,18,17,6,7,5,20,6,29,11,15
0,0,1,1,0,2,1,2,0,8,1,3,1,2,0,2
8,11,7,10,8,11,7,3,6,3,4,7,0,8,9,5
0,0,0,1,0,0,0,0,0,0,0,1,0,0,0,0
1,0,2,6,1,10,8,6,0,11,3,9,5,0,3,4
0,1,1,0,0,2,7,5,12,3,2,8,2,34,9,7
9,9,6,6,1,9,11,8,4,9,4,5,2,1,7,15
12,10,12,8,18,14,24,22,21,7,4,18,15,35,32,24
0,0,1,0,0,0,0,6,0,7,2,4,0,3,0,1
0,2,1,0,1,1,0,0,0,1,1,0,1,1,1,0
0,0,1,1,1,0,1,0,1,0,1,1,1,0,0,0
0,0,0,0,1,1,1,0,1,0,0,0,1,1,0,0
4,7,1,0,0,8,11,9,5,9,9,13,7,21,16,12
0,0,0,0,0,7,1,0,1,0,1,2,3,2,0,0
1,1,3,8,1,0,1,11,1,4,14,8,5,0,13,12
2,0,0,0,0,0,0,0,2,1,1,0,9,4,0,0
0,0,0,0,3,3,0,1,10,0,1,1,3,3,0,1
0,0,0,1,0,1,1,1,0,1,0,0,0,0,1,0
1,2,3,5,1,2,11,6,1,2,11,7,7,2,10,7
2,5,3,8,4,8,6,15,5,6,10,13,10,12,22,16
0,0,0,0,0,0,0,0,1,1,0,0,1,0,0,0
0,0,0,0,1,1,1,0,2,2,0,1,1,0,2,0
0,0,0,1,0,0,1,1,0,0,2,3,0,0,7,10
0,0,0,0,0,0,0,0,0,2,0,0,0,0,0,0
1,2,2,1,3,3,2,0,4,4,2,0,1,6,1,0
0,0,0,0,1,0,0,3,12,8,3,0,3,12,11,10
6,4,5,2,1,5,3,6,1,1,0,3,7,2,5,7
2,4,3,2,2,0,0,0,4,0,0,0,3,0,0,0
8,5,4,7,1,5,5,5,0,7,5,12,5,0,9,0
0,0,0,0,0,0,0,0,6,0,0,0,4,0,0,0
4,1,2,3,3,3,3,3,3,5,4,3,3,3,3,3
0,0,0,0,0,0,12,9,0,0,5,7,0,0,9,3
6,4,2,3,1,1,8,3,0,9,9,5,8,0,7,8
1,3,2,5,1,1,1,2,3,7,5,1,1,1,0,1
3,0,0,0,0,0,0,0,1,0,0,0,0,0,0,0
3,3,5,1,10,4,1,3,3,0,3,0,1,0,2,0
0,1,0,0,0,0,0,0,1,0,0,0,8,0,0,0
2,2,2,3,2,1,2,4,3,3,2,2,1,0,2,1
24,20,20,20,7,13,3,10,20,8,5,14,2,36,14,3
10,4,5,0,0,0,0,0,0,0,0,0,0,2,0,0
3,0,0,0,0,0,0,0,0,0,0,0,0,1,0,0
4,10,13,10,11,11,4,5,15,2,4,2,11,40,0,0
0,0,1,1,0,2,1,1,1,3,2,1,1,4,4,4
16,5,6,6,2,6,10,3,0,4,4,8,10,6,5,4
0,1,1,1,1,1,1,1,1,2,2,0,5,0,0,0
1,2,1,2,0,1,0,1,1,2,2,1,1,3,3,2
5,1,1,1,1,2,1,1,1,5,4,3,1,2,1,2
6,4,5,0,4,6,0,0,12,4,0,0,6,26,0,0
7,8,10,6,5,9,7,12,0,7,3,10,2,29,3,5
8,5,4,4,11,9,21,17,16,3,4,13,7,44,21,23
0,1,1,2,0,0,0,0,0,0,1,0,1,0,1,0
