131,177,154,224,140,42,30,79,78,156,127
168,214,76,157,198,155,211,213,127,114,127
157,98,81,190,188,5,200,61,38,231,127
99,219,110,143,98,193,157,80,237,235,127
23,64,215,237,42,213,242,68,4,1,127
8,61,193,23,127,45,97,141,104,176,127
144,113,167,200,58,21,169,102,89,1,127
70,163,207,170,212,95,13,23,243,184,127
230,252,178,41,196,41,165,131,103,48,127
124,96,166,214,22,228,155,22,161,110,127
79,224,15,119,173,141,14,56,43,249,127
82,109,249,161,116,227,31,101,229,140,127
31,53,220,184,249,110,52,25,120,54,127
110,42,45,82,63,158,100,197,15,191,127
148,195,28,161,120,47,70,103,98,41,127
7,137,41,218,181,244,232,223,80,243,127
86,101,137,22,65,167,218,105,66,170,127
112,8,68,122,87,242,138,242,16,38,127
58,233,189,44,202,150,212,138,236,222,127
7,37,144,69,173,231,242,25,148,159,127
165,60,167,162,123,66,115,171,215,136,127
145,4,220,36,69,141,44,249,240,170,127
166,222,237,233,242,209,10,186,81,148,127
229,224,184,105,10,170,8,30,226,6,127
170,148,176,126,136,2,116,230,5,70,127
47,169,9,206,183,75,230,165,243,233,127
176,63,60,49,18,221,124,138,74,58,127
215,53,212,197,36,221,241,191,231,0,127
88,65,48,214,88,37,177,179,204,175,127
124,141,28,182,142,176,115,105,197,2,127
19,114,199,176,13,184,34,58,31,210,127
3,69,61,249,151,235,112,4,104,233,127
35,191,160,144,219,171,60,150,228,19,127
236,188,51,185,247,24,7,231,221,133,127
106,53,41,158,235,22,134,59,103,107,127
74,37,199,14,244,24,242,112,199,57,127
184,227,145,105,9,175,130,165,212,118,127
239,35,14,87,10,70,187,189,124,139,127
20,35,124,189,112,145,152,106,139,174,127
88,69,56,31,228,37,12,68,179,2,127
3,125,166,149,158,148,151,144,97,10,127
90,120,158,240,179,244,238,30,84,126,127
155,242,9,159,160,101,19,227,231,125,127
45,239,42,140,165,185,120,200,187,192,127
248,132,105,3,188,92,112,245,169,112,127
30,98,91,147,66,106,76,14,18,74,127
250,122,66,80,190,242,45,194,132,204,127
70,182,215,214,208,8,240,12,26,121,127
99,253,207,236,31,131,90,232,102,32,127
130,174,182,235,115,232,167,156,118,44,127
130,137,214,45,178,145,204,216,107,100,127
210,145,213,8,229,183,85,44,233,158,127
99,63,63,89,179,42,8,68,40,252,127
234,232,42,195,194,165,198,139,120,87,127
103,83,128,119,153,183,240,57,192,29,127
219,254,81,5,29,195,61,211,8,101,127
219,173,14,25,149,45,236,2,69,128,127
226,127,220,45,210,225,1,207,62,160,127
251,120,220,80,111,174,120,81,100,43,127
124,185,203,177,31,127,142,89,137,225,127
18,57,82,72,114,25,251,40,210,100,127
169,43,209,70,236,24,162,250,148,189,127
19,213,180,164,0,252,91,63,29,101,127
254,106,103,24,187,3,99,200,29,35,127
13,114,95,118,71,211,64,177,78,125,127
231,250,201,77,28,145,251,107,244,210,127
185,28,115,153,44,242,42,127,33,111,127
31,100,95,127,55,14,20,244,120,122,127
165,174,206,32,162,207,83,202,226,103,127
18,129,237,99,176,20,28,187,77,143,127
64,101,5,131,144,225,15,210,204,58,127
11,217,44,160,173,228,228,77,221,131,127
46,249,85,82,24,217,12,52,62,49,127
127,116,214,172,54,49,49,31,181,50,127
254,204,164,80,50,228,157,38,58,76,127
124,70,16,209,121,209,49,86,118,236,127
214,182,3,107,91,12,117,53,23,222,127
6,217,48,231,110,251,39,163,118,247,127
168,233,176,234,120,16,49,10,233,133,127
29,152,118,230,210,129,139,142,168,110,127
213,211,176,218,247,146,82,170,48,196,127
45,54,128,214,179,225,193,168,237,140,127
114,35,187,136,237,27,172,128,156,202,127
233,6,41,222,149,215,175,58,220,1,127
110,173,65,189,127,109,73,8,219,151,127
213,39,197,118,202,225,134,110,78,199,127
48,153,45,100,219,190,228,84,191,201,127
108,60,245,218,149,163,227,24,74,247,127
124,52,232,236,51,163,96,204,67,36,127
192,30,167,235,85,110,30,85,207,56,127
171,100,47,51,210,209,55,116,85,185,127
158,127,235,54,167,41,187,173,186,203,127
206,207,241,107,184,37,99,8,55,104,127
155,26,25,125,152,250,175,134,21,162,127
200,216,211,61,117,42,211,193,244,87,127
91,59,118,252,216,63,64,98,157,92,127
203,236,203,96,181,215,200,108,55,193,127
236,186,131,180,144,189,16,231,71,32,127
159,196,131,174,161,233,58,39,92,6,127
188,6,220,250,22,217,214,81,46,246,127
86,116,113,198,59,54,167,112,44,170,127
247,77,32,116,22,215,83,213,75,93,127
103,147,66,229,27,207,171,207,138,164,127
39,134,245,16,161,30,208,133,142,243,127
83,237,134,89,36,166,194,43,107,25,127
104,41,40,39,60,83,203,213,161,2,127
94,134,56,209,27,23,239,23,88,82,127
253,58,42,62,44,167,158,121,95,254,127
150,111,164,146,175,59,149,147,233,80,127
214,239,169,78,176,215,161,189,132,162,127
19,99,93,227,81,183,241,25,36,146,127
180,71,103,206,106,250,12,220,250,106,127
12,3,52,155,81,134,85,47,196,161,127
39,88,249,203,19,10,9,30,164,98,127
171,116,156,125,142,144,201,130,150,11,127
143,219,151,32,107,111,174,107,140,11,127
174,26,17,208,177,75,155,88,52,122,127
2,191,223,247,100,172,199,1,125,112,127
79,208,48,236,240,250,2,182,75,243,127
51,216,42,109,211,12,59,62,123,169,127
161,186,194,83,29,66,216,171,132,116,127
167,52,73,65,51,155,218,7,138,207,127
48,63,251,112,3,56,211,137,17,81,127
224,159,198,251,85,225,171,98,147,50,127
173,47,210,188,116,35,112,164,23,195,127
165,236,36,22,148,43,12,179,125,78,127
193,70,133,227,114,148,157,174,78,246,127
71,161,138,76,159,68,221,215,2,160,127
129,86,84,233,142,219,40,38,35,80,127
203,30,125,120,184,244,171,252,128,18,127
196,144,56,11,76,183,12,105,173,166,127
119,231,5,70,163,128,227,53,89,140,127
253,33,73,99,46,189,85,214,21,46,127
236,32,156,34,220,213,25,209,98,184,127
165,17,197,51,147,38,138,71,11,50,127
222,171,57,108,178,225,130,17,168,225,127
204,136,236,13,154,103,16,216,137,100,127
120,134,28,163,230,248,2,104,77,197,127
172,137,15,79,240,172,82,25,222,237,127
138,165,129,99,49,246,120,160,64,85,127
79,33,211,73,112,137,87,149,59,231,127
194,155,206,176,122,41,112,204,183,169,127
50,189,236,67,102,39,118,122,201,204,127
167,176,58,151,120,193,174,207,62,247,127
126,102,237,122,185,174,253,19,44,35,127
5,241,188,225,36,223,181,196,150,250,127
194,208,81,187,64,209,157,47,218,152,127
109,96,149,22,78,113,192,85,179,53,127
176,92,62,21,160,103,42,221,83,61,127
210,1,13,157,15,251,234,107,218,53,127
165,210,105,17,128,226,24,9,74,216,127
170,23,34,197,42,140,12,170,31,56,127
59,208,226,207,134,87,96,20,206,81,127
23,242,240,90,208,246,186,71,110,69,127
107,171,202,242,16,143,195,185,97,190,127
181,48,103,165,144,188,0,119,183,69,127
209,234,127,7,10,96,97,182,63,82,127
21,166,59,153,231,254,147,235,8,189,127
241,150,55,88,26,174,130,132,237,91,127
1,23,151,33,62,90,31,247,176,17,127
144,123,169,218,142,29,197,221,14,170,127
33,179,57,7,236,38,216,34,166,123,127
61,119,92,135,163,221,7,194,169,81,127
10,163,223,202,157,134,149,254,31,241,127
103,107,229,209,6,20,7,50,254,18,127
174,245,128,29,62,202,38,130,225,222,127
159,32,112,243,176,92,122,231,133,36,127
208,12,151,52,148,111,178,0,198,52,127
95,46,245,230,10,75,46,179,9,222,127
251,219,78,253,207,131,230,18,97,23,127
208,156,207,43,159,95,38,182,99,225,127
172,146,37,146,7,107,40,218,80,136,127
144,231,252,106,218,18,236,33,116,61,127
164,246,122,159,83,103,22,222,157,133,127
242,219,31,71,235,46,230,195,137,193,127
219,254,65,5,24,35,221,134,246,91,127
132,154,186,50,7,42,25,209,36,197,127
84,47,204,63,75,14,205,177,169,242,127
205,141,239,212,103,89,127,39,42,38,127
170,196,9,165,190,226,105,163,226,127,127
29,63,117,89,176,4,142,95,221,121,127
25,191,249,89,14,211,146,63,223,224,127
63,203,144,4,28,166,218,173,252,3,127
100,209,181,209,69,156,27,124,51,161,127
44,217,248,115,35,217,79,48,10,198,127
80,119,76,248,51,136,196,204,111,26,127
253,205,187,77,34,107,74,163,233,225,127
178,41,78,241,177,69,90,205,128,84,127
39,193,92,168,162,111,40,71,136,84,127
196,98,151,70,60,53,79,77,19,111,127
53,185,204,162,145,160,189,79,125,137,127
166,113,69,222,225,167,154,129,188,238,127
155,58,123,159,195,154,172,3,208,66,127
94,216,215,46,113,138,65,190,155,27,127
40,210,38,50,29,46,36,39,11,172,127
182,99,198,22,31,191,160,228,52,222,127
196,45,200,151,184,128,83,188,78,45,127
158,152,95,79,114,252,100,69,188,198,127
93,239,254,14,34,242,170,179,226,62,127
58,132,247,41,42,224,206,119,49,31,127
250,141,175,30,163,154,96,108,44,77,127
43,172,215,71,34,135,230,15,40,0,127
247,68,2,16,154,79,154,27,235,14,127
69,213,89,203,191,184,142,218,163,148,127
60,55,65,94,121,224,43,155,50,17,127
109,191,204,2,119,178,128,170,157,163,127
188,132,9,17,87,248,67,114,31,88,127
166,27,187,48,62,124,73,185,240,238,127
235,251,188,176,152,45,134,7,177,92,127
119,111,84,246,177,14,28,5,104,211,127
236,126,207,177,240,138,218,222,121,197,127
166,108,143,146,101,89,174,43,72,244,127
157,163,193,223,212,63,28,251,31,170,127
94,71,248,25,75,40,117,116,92,58,127
201,83,43,214,7,61,206,146,47,29,127
21,15,245,174,122,8,236,238,176,152,127
76,188,234,38,47,66,236,66,208,122,127
197,181,85,46,160,221,160,213,157,115,127
93,50,20,216,42,54,202,136,45,127,127
18,231,215,48,194,219,108,139,233,130,127
83,32,25,135,244,28,251,208,166,65,127
86,17,95,119,170,6,105,59,44,219,127
107,15,87,137,239,237,213,36,228,98,127
157,131,171,152,0,230,62,134,66,195,127
12,106,237,187,165,207,126,34,89,204,127
185,210,155,161,140,205,92,149,236,240,127
131,244,162,141,166,190,175,56,233,18,127
40,128,136,232,64,224,181,201,143,90,127
197,163,140,67,190,12,38,98,25,42,127
45,113,252,108,185,60,85,1,73,95,127
54,166,228,144,244,63,178,211,171,87,127
226,113,225,199,90,150,184,52,48,135,127
79,236,252,216,241,99,85,18,63,31,127
91,122,120,216,218,252,236,119,24,233,127
151,65,212,99,86,69,190,229,85,63,127
70,219,156,91,188,167,240,139,150,238,127
160,128,252,1,213,45,246,175,146,73,127
97,23,59,105,170,150,118,71,250,42,127
80,32,161,171,151,24,117,43,19,231,127
90,178,188,144,11,205,115,152,8,178,127
90,174,133,174,232,190,61,224,232,211,127
243,58,187,249,41,92,181,196,77,249,127
149,218,239,221,40,162,233,137,101,156,127
121,203,5,38,15,55,223,140,9,33,127
127,231,176,95,122,22,54,44,222,178,127
48,228,29,215,176,219,41,128,10,231,127
16,207,111,212,117,230,67,113,254,107,127
208,174,197,214,141,230,62,84,211,178,127
188,125,167,33,49,8,15,127,69,214,127
188,181,209,84,126,192,169,162,66,178,127
244,1,158,38,55,113,208,50,4,158,127
108,236,96,168,245,76,172,252,18,1,127
240,143,144,21,31,21,115,211,10,29,127
237,132,53,46,127,146,216,156,42,148,127
224,229,115,82,124,116,22,113,254,122,127
114,224,79,213,75,204,239,62,27,36,127
238,199,198,215,230,19,172,146,163,62,127
184,225,35,199,14,238,233,52,60,36,127
28,32,211,118,12,22,154,165,220,185,127
157,147,25,54,193,139,253,45,86,231,127
131,211,207,14,160,56,223,195,226,121,127
229,87,146,168,158,31,121,197,5,7,127
248,35,39,157,32,14,229,234,223,36,127
21,0,151,108,207,217,142,221,2,140,127
241,238,192,244,156,21,226,71,42,231,127
142,251,192,45,50,139,115,99,159,191,127
2,167,170,250,218,12,41,165,21,79,127
247,169,103,33,220,109,251,62,22,254,127
141,185,94,26,82,196,223,193,23,210,127
26,219,121,106,46,17,160,207,87,178,127
52,170,246,85,32,17,82,240,203,64,127
100,113,100,44,245,183,82,247,125,45,127
61,138,120,29,169,66,155,216,83,24,127
45,19,249,18,125,122,70,160,80,2,127
64,231,53,117,222,55,26,43,10,184,127
165,145,117,154,253,2,132,23,122,31,127
138,127,228,137,21,26,202,48,216,72,127
10,26,124,37,18,37,155,8,136,166,127
238,179,31,248,59,116,115,244,135,244,127
151,116,207,120,30,79,85,189,17,96,127
125,123,162,177,223,206,79,12,72,230,127
176,208,163,112,48,136,230,133,245,29,127
236,127,189,191,110,141,46,251,80,182,127
71,75,69,185,23,126,215,134,71,179,127
100,171,229,70,49,18,127,42,152,182,127
162,99,175,94,54,145,46,166,32,125,127
172,109,9,225,199,221,109,81,1,123,127
197,165,12,66,18,203,74,51,110,197,127
172,195,7,238,93,63,157,84,27,41,127
13,138,34,174,139,234,252,228,202,106,127
81,4,246,44,141,83,181,171,186,84,127
54,35,91,55,247,26,110,31,248,89,127
195,150,65,155,70,131,60,32,124,31,127
155,46,196,116,16,126,149,207,232,200,127
209,228,28,56,7,238,37,162,230,154,127
101,29,173,138,42,180,100,124,79,66,127
46,190,73,27,86,86,245,54,187,65,127
82,217,247,20,30,219,53,88,146,201,127
138,143,183,53,216,113,92,56,106,163,127
13,89,150,100,77,185,152,107,250,152,127
111,134,72,144,202,228,212,134,75,137,127
233,20,252,253,154,123,214,86,104,60,127
203,110,9,45,70,116,206,23,77,90,127
117,81,200,120,9,168,55,97,46,59,127
240,12,186,135,22,240,30,197,242,128,127
246,238,208,195,84,221,172,239,253,110,127
185,125,36,129,104,152,253,11,73,17,127
254,162,103,101,223,169,65,12,246,159,127
243,205,197,110,171,59,86,149,106,0,127
31,81,179,202,84,120,71,108,194,182,127
32,234,34,22,0,25,230,16,69,197,127
18,62,57,176,3,230,149,239,120,146,127
120,98,113,221,91,219,165,232,107,84,127
16,40,159,13,164,108,148,235,31,152,127
17,76,103,136,224,113,25,56,58,246,127
223,46,211,109,233,35,242,102,220,87,127
137,150,144,222,142,106,88,131,210,45,127
217,159,176,70,237,242,244,87,222,112,127
139,2,122,57,141,151,233,213,7,211,127
71,88,40,13,81,195,252,92,169,125,127
63,135,158,83,97,106,13,60,36,40,127
202,11,39,143,132,235,31,230,74,51,127
141,132,49,47,65,140,220,46,141,228,127
104,184,197,96,211,149,195,187,14,160,127
181,126,248,117,204,74,178,80,77,178,127
182,214,162,99,26,237,254,83,111,185,127
218,53,184,132,224,207,190,173,236,204,127
172,135,83,22,165,1,6,236,128,116,127
110,194,229,208,178,221,171,97,123,190,127
71,52,180,235,179,180,242,26,39,129,127
112,125,36,134,119,80,187,166,123,219,127
72,253,199,171,137,182,112,57,152,132,127
210,156,188,134,21,240,167,228,162,81,127
198,171,198,33,45,168,77,173,140,250,127
69,51,108,243,217,43,247,197,15,215,127
140,199,47,247,209,212,108,190,55,228,127
160,2,73,34,188,21,152,87,54,225,127
47,125,56,174,196,31,90,154,97,44,127
36,64,196,147,38,77,223,150,119,132,127
41,13,223,183,26,114,171,10,107,194,127
59,38,73,121,101,63,120,7,215,0,127
229,108,189,140,25,117,67,232,227,192,127
66,102,47,164,253,55,19,243,36,104,127
57,194,203,233,27,148,42,164,167,112,127
71,202,232,22,67,158,175,221,130,240,127
181,207,96,33,227,228,117,173,228,171,127
132,85,51,44,123,27,113,16,68,19,127
158,128,75,149,75,244,137,126,61,85,127
62,195,131,55,157,217,108,110,112,106,127
2,54,41,66,216,49,160,90,18,219,127
15,122,66,223,169,115,31,178,194,169,127
28,125,112,70,120,143,112,67,130,29,127
4,8,108,131,1,235,120,77,208,176,127
10,171,252,45,19,71,183,227,136,49,127
111,44,10,109,42,53,234,41,201,166,127
185,152,193,157,178,213,30,38,177,208,127
250,72,131,52,71,198,102,202,1,154,127
248,190,16,159,133,178,151,239,193,104,127
70,81,20,85,229,155,36,76,143,78,127
184,52,169,244,3,249,164,77,49,213,127
144,43,36,103,242,85,107,185,119,244,127
58,196,8,220,162,104,162,23,186,122,127
91,25,171,52,77,65,3,182,41,84,127
39,127,182,253,81,144,10,236,250,119,127
66,25,231,48,120,137,65,105,1,24,127
215,77,82,83,248,54,100,192,229,52,127
251,59,76,112,150,190,102,166,235,221,127
181,194,111,96,252,47,100,135,177,156,127
117,239,6,92,235,238,187,105,43,51,127
249,154,9,171,162,85,221,44,168,180,127
185,238,161,220,6,210,1,100,5,80,127
203,86,219,90,215,82,70,28,159,138,127
189,195,178,84,27,208,178,53,208,140,127
251,137,105,202,28,248,77,83,216,230,127
118,211,252,28,153,192,210,220,163,201,127
224,88,163,72,165,254,88,84,5,63,127
96,242,153,147,198,55,149,111,239,234,127
222,250,251,61,117,110,121,15,175,196,127
75,104,149,101,32,150,7,31,195,106,127
223,64,181,105,153,21,252,121,186,92,127
118,186,252,158,69,239,149,84,32,38,127
23,216,71,177,207,59,89,84,40,46,127
159,148,215,13,207,29,148,142,66,126,127
113,44,61,21,249,155,128,69,157,221,127
179,32,76,103,211,198,152,103,66,17,127
26,166,195,60,219,17,175,198,94,40,127
236,232,65,168,60,5,13,15,227,150,127
216,238,79,159,78,56,208,149,198,165,127
88,87,53,207,56,172,181,232,242,154,127
110,160,60,239,73,109,240,219,64,13,127
139,78,89,36,52,144,97,24,4,82,127
204,41,39,40,209,81,84,119,229,154,127
81,253,99,77,47,25,197,240,230,130,127
29,202,199,109,41,74,152,120,250,72,127
178,131,229,225,216,72,168,131,87,88,127
23,65,127,22,40,29,149,215,24,227,127
242,138,86,44,21,159,187,52,249,243,127
211,254,113,25,22,209,127,191,140,64,127
252,39,55,220,57,35,244,19,199,149,127
145,252,58,17,115,65,187,247,202,104,127
167,52,108,107,51,224,235,53,129,195,127
198,100,209,152,152,30,187,122,120,72,127
99,8,173,184,84,233,187,92,102,208,127
223,138,28,222,176,161,183,46,76,171,127
51,164,158,133,219,78,234,139,253,25,127
46,37,139,44,12,138,42,35,10,12,127
151,178,131,174,95,201,79,148,54,213,127
109,44,94,238,49,233,48,10,154,72,127
192,170,107,233,109,136,19,22,75,5,127
55,226,254,75,122,71,235,143,110,223,127
132,132,216,184,216,160,132,126,83,24,127
107,43,198,93,172,162,202,11,202,246,127
99,122,198,202,187,111,247,128,97,115,127
182,154,109,158,35,230,122,7,208,100,127
189,17,84,141,70,180,116,42,142,145,127
205,118,72,220,70,168,47,224,51,233,127
49,243,93,70,206,77,199,84,202,93,127
237,110,22,0,60,172,82,142,166,106,127
219,141,125,220,198,125,10,179,100,252,127
240,77,11,11,1,200,79,19,248,58,127
57,165,241,15,146,33,126,96,97,35,127
18,152,216,184,39,4,51,133,123,61,127
219,158,40,172,160,5,110,171,25,147,127
214,252,31,6,198,145,60,101,107,82,127
199,222,52,11,164,68,149,71,185,0,127
24,191,176,242,73,31,213,114,4,242,127
179,49,158,123,37,101,59,125,74,128,127
161,2,249,145,86,136,202,41,233,20,127
175,118,194,103,243,214,120,2,29,154,127
197,210,207,60,94,22,172,135,160,8,127
43,16,162,78,50,152,142,76,73,66,127
210,9,176,171,65,248,122,11,233,197,127
179,42,101,204,92,152,204,197,8,18,127
239,174,173,232,97,210,20,86,198,194,127
44,88,200,134,169,141,102,211,16,79,127
33,40,74,236,252,72,222,178,188,10,127
142,75,100,95,201,56,224,195,166,11,127
61,222,188,223,78,191,141,171,162,254,127
120,117,34,34,98,22,39,247,32,174,127
96,122,113,88,92,0,112,232,50,11,127
96,137,208,54,13,144,42,16,58,143,127
154,193,135,32,9,113,229,94,0,190,127
163,152,208,167,37,113,220,63,6,160,127
147,53,20,182,87,73,64,35,142,244,127
57,155,103,191,69,12,218,219,35,235,127
223,125,171,216,99,156,238,161,56,87,127
122,100,124,217,67,140,62,188,83,123,127
52,127,151,137,200,92,208,15,233,82,127
162,241,128,177,208,224,201,118,253,107,127
10,248,175,132,237,165,175,147,73,218,127
79,20,41,75,142,204,228,76,169,8,127
218,108,165,174,110,184,137,32,240,30,127
237,186,118,160,59,105,134,224,66,182,127
233,29,181,128,126,134,197,38,98,146,127
233,98,34,59,19,214,201,198,105,225,127
243,122,249,220,22,60,200,130,163,236,127
130,252,104,128,145,227,199,30,108,98,127
108,2,63,60,30,3,146,73,231,48,127
212,249,185,143,235,118,180,102,236,219,127
122,184,200,52,230,208,132,188,208,171,127
230,125,7,141,241,252,195,126,203,67,127
67,250,126,37,129,120,24,109,190,218,127
24,25,44,10,29,38,27,107,90,204,127
238,183,150,249,162,185,19,171,211,109,127
195,58,249,108,251,114,149,203,5,50,127
52,69,246,198,69,57,57,61,248,121,127
14,215,220,26,89,244,193,135,108,61,127
207,4,143,71,137,64,210,136,228,172,127
96,73,108,26,155,35,99,159,61,84,127
202,225,163,223,157,188,226,25,214,223,127
163,236,68,179,97,235,142,231,4,177,127
99,99,218,96,121,240,6,16,22,149,127
81,62,22,209,12,177,158,207,191,90,127
215,57,141,43,5,14,46,84,4,10,127
112,116,105,70,164,3,197,174,5,40,127
219,49,195,254,45,186,145,194,56,140,127
117,4,188,134,35,17,190,93,250,170,127
121,62,3,61,167,233,18,41,175,47,127
119,113,50,29,69,10,144,178,202,197,127
143,192,249,214,219,124,164,42,157,29,127
16,125,120,202,1,22,161,106,111,250,127
139,144,130,162,163,252,120,53,134,218,127
96,18,21,254,87,132,184,246,31,17,127
61,213,208,134,151,200,163,71,146,20,127
138,246,196,74,22,15,55,102,86,252,127
200,249,2,251,21,201,138,119,16,201,127
19,161,198,155,128,221,97,132,213,145,127
171,249,19,165,169,33,147,61,249,0,127
11,57,164,37,126,35,82,155,193,229,127
208,207,85,87,209,219,184,12,14,100,127
55,35,176,216,204,178,93,135,127,240,127
241,36,34,154,238,75,177,173,144,39,127
46,147,45,94,194,229,28,247,153,7,127
136,179,103,236,197,173,212,174,210,221,127
183,13,137,80,7,8,146,249,18,162,127
176,47,153,134,147,223,85,236,213,13,127
46,150,79,160,87,238,181,162,73,204,127
212,138,96,172,49,181,193,11,181,214,127
33,27,118,50,42,54,142,201,78,147,127
2,119,31,57,176,0,137,134,143,159,127
63,233,87,196,212,52,236,159,221,24,127
164,45,46,183,229,122,172,178,33,31,127
206,173,92,241,204,196,32,247,99,191,127
84,64,88,36,178,175,107,51,113,121,127
30,245,14,145,249,37,102,69,196,116,127
101,134,147,87,122,181,184,0,2,213,127
134,143,17,120,109,248,222,170,58,217,127
19,246,252,216,77,219,178,209,182,131,127
197,235,95,214,38,47,121,177,194,207,127
119,178,211,6,122,8,43,117,207,252,127
20,106,38,99,202,8,107,139,135,2,127
20,113,103,30,173,121,138,238,17,100,127
