178,129,12,161,75,57,52,179,109,53,103,11,236,90,1,173,125,24,246,91,77,199,91,205,8,141,74,240,29,64,246,63,120,245,18,125,62,164,44,132,201,247,75,191,97,105,213,103,223,168,75,196,22,63,111,59,146,227,12,54,58,245,201,101,169,91,22,207,207,233,35,220,213,57,8,92,187,70,230,231,117,104,151,16,252,203,107,166,62,0,15,130,69,229,65,53,188,67,64,58,14,242,161,151,221,188,183,72,69,213,23,31,154,150,221,102,254,2,195,100,133,38,68,115,12,28,45,214,127
95,28,234,242,154,232,87,20,210,160,251,191,73,35,187,168,211,249,128,105,180,40,238,49,70,41,129,248,100,157,146,14,82,228,145,66,142,35,94,66,23,161,52,47,222,124,216,126,232,170,192,62,252,106,61,171,99,115,107,209,37,163,39,21,152,143,221,152,228,71,75,207,133,49,182,242,170,99,110,90,152,130,188,148,182,10,143,168,160,201,5,51,178,23,225,116,44,217,83,79,241,2,53,102,169,163,58,239,198,155,197,156,106,44,89,189,213,247,172,215,119,246,64,222,134,254,145,250,127
115,60,68,94,20,73,235,18,162,97,82,146,124,148,118,142,186,101,69,25,220,69,122,176,207,250,169,63,82,174,250,123,214,241,116,247,125,119,210,33,73,13,187,168,249,129,0,122,20,176,113,20,79,48,51,36,229,39,138,1,227,94,154,119,98,67,121,171,253,0,193,167,102,11,203,8,181,54,146,22,99,165,69,208,122,185,3,81,230,209,187,198,84,119,174,113,119,66,15,180,192,125,190,90,137,182,18,206,78,101,235,161,63,207,158,40,208,72,124,148,159,55,127,103,156,49,157,138,127
132,247,62,32,185,25,205,201,216,27,237,157,138,117,12,89,91,148,76,57,66,45,7,107,100,85,130,73,214,10,240,84,234,180,18,93,119,81,168,209,163,101,49,164,34,182,78,203,92,192,23,65,169,200,141,238,18,226,69,210,199,168,181,114,53,91,210,188,12,48,216,115,34,141,23,196,109,159,240,56,180,141,153,38,148,193,210,24,35,26,103,196,196,159,190,147,65,27,25,154,22,57,8,142,41,174,239,177,107,104,27,112,103,169,178,238,179,250,245,47,91,75,238,36,220,155,225,67,127
91,107,84,153,243,153,101,215,1,143,23,161,227,58,96,227,92,158,138,68,150,108,130,82,75,34,48,103,19,252,28,42,252,204,112,18,183,23,74,155,73,71,172,148,0,209,94,100,90,163,103,183,92,149,112,169,15,102,156,173,32,189,30,91,2,244,231,84,8,59,47,125,45,106,102,110,6,210,142,193,31,85,0,209,85,198,163,182,92,9,189,141,147,139,254,187,158,30,17,186,179,178,183,212,106,70,145,189,0,54,55,9,86,81,117,14,158,151,30,212,202,156,33,63,170,32,230,16,127
107,44,226,168,104,127,86,103,199,254,82,107,209,227,57,39,240,128,25,232,104,3,51,74,95,35,113,7,86,134,80,254,198,223,240,18,117,240,197,102,202,93,226,35,139,34,23,172,101,54,204,10,29,235,210,98,226,1,76,226,100,165,108,228,86,202,210,26,244,158,160,95,187,23,163,179,239,4,248,105,138,79,175,108,209,163,47,203,241,208,182,131,247,184,15,69,98,23,31,244,67,148,246,46,93,12,73,104,29,74,112,222,96,227,98,87,19,126,231,138,95,5,85,184,16,94,48,230,127
91,39,108,172,122,204,249,134,86,168,172,27,39,175,158,134,4,95,168,37,37,100,202,188,94,210,97,93,247,110,92,131,69,157,166,224,237,114,167,19,88,111,9,125,72,103,94,146,120,216,113,186,16,74,144,69,134,196,254,106,0,134,178,3,28,87,150,22,81,162,17,91,74,224,106,185,172,31,70,172,166,237,176,68,216,85,83,207,233,88,61,176,113,203,121,248,176,185,29,46,115,191,188,161,111,31,86,184,169,31,132,218,5,101,166,76,184,50,172,9,216,124,195,164,107,58,164,26,127
51,214,47,254,151,141,188,254,192,14,252,145,215,143,176,12,198,59,21,151,19,198,137,231,221,53,120,43,64,113,8,85,13,129,5,201,38,240,118,66,225,116,20,189,204,254,112,160,229,147,117,36,147,143,64,242,197,17,57,49,208,208,152,184,13,17,214,152,42,210,198,87,2,116,192,181,132,163,191,206,109,120,55,178,100,116,63,88,65,192,116,192,167,205,110,208,20,226,245,153,55,119,103,52,0,132,26,89,139,130,36,57,193,109,137,202,137,209,1,197,210,112,92,122,192,117,164,10,127
180,39,224,32,150,42,43,97,156,233,254,211,36,37,204,209,228,108,166,22,187,219,248,55,144,116,163,12,228,5,225,128,201,4,215,97,254,27,96,250,24,241,177,28,81,230,166,57,113,12,110,58,244,32,37,201,206,227,40,169,107,206,63,166,234,173,179,132,144,36,163,205,12,132,216,233,216,178,43,78,9,81,201,177,147,127,148,56,152,23,12,208,240,15,127,160,84,244,218,89,69,29,206,229,243,235,55,180,84,8,43,150,179,213,94,175,234,156,57,112,145,251,131,65,104,168,25,99,127
76,197,100,85,80,89,112,206,148,133,104,25,215,154,254,69,90,20,191,159,36,70,115,254,239,113,117,92,67,116,127,12,142,24,120,206,95,178,237,41,206,93,88,157,45,30,153,128,67,167,253,32,187,153,223,3,72,150,50,245,61,204,7,186,88,196,227,6,189,23,84,78,135,219,146,131,250,10,243,155,161,167,119,232,53,175,81,203,111,188,222,40,238,56,45,200,252,13,103,242,245,134,152,87,88,147,254,97,173,150,167,38,35,16,67,185,64,160,154,25,101,130,6,147,132,191,181,125,127
110,66,40,94,225,180,25,11,67,66,109,10,7,46,250,209,49,110,119,216,74,81,171,178,28,125,232,15,126,47,22,44,220,232,92,10,6,186,237,59,60,47,63,31,222,215,124,62,42,77,88,245,21,98,251,154,179,212,189,191,178,235,66,143,203,85,99,1,254,247,24,218,8,99,127,109,59,252,248,134,141,49,175,247,31,108,162,0,61,50,174,136,47,180,58,94,139,3,105,237,1,253,179,202,16,112,218,44,11,201,0,103,202,30,98,141,149,132,219,197,42,227,41,226,104,131,100,15,127
88,214,207,52,105,249,13,142,208,116,207,158,6,145,92,45,181,250,46,201,225,94,174,88,173,251,10,164,210,41,226,45,43,119,146,47,185,117,183,8,223,60,14,37,29,82,132,24,79,71,253,47,147,56,144,104,0,53,2,137,230,250,45,116,9,4,143,219,123,111,145,53,221,110,221,218,53,178,50,48,93,190,236,216,145,184,197,244,229,92,82,237,242,170,144,236,117,111,37,46,34,207,20,111,221,193,26,237,126,241,142,152,174,236,172,150,143,183,130,171,161,155,104,249,37,20,158,214,127
199,115,14,41,17,0,130,19,132,153,124,166,134,116,103,142,193,107,173,90,34,202,228,8,27,229,68,36,253,128,66,130,25,232,156,35,145,254,188,91,113,153,249,211,49,47,156,160,102,254,158,221,165,103,187,249,155,163,193,113,91,235,180,17,34,228,254,141,152,13,132,177,142,250,236,140,246,22,67,146,156,152,24,37,254,221,98,3,122,206,65,212,233,40,96,234,164,204,79,175,180,116,126,12,25,53,217,214,137,110,118,188,53,211,115,42,50,240,115,28,25,229,146,37,11,2,253,102,127
214,24,223,119,241,179,130,24,184,219,135,60,39,205,20,134,14,242,73,92,247,245,190,151,92,209,73,166,132,137,75,139,146,54,179,139,80,88,241,161,217,119,250,179,85,204,254,224,93,161,99,55,26,215,2,223,157,56,150,7,184,127,114,75,81,80,12,106,143,217,177,65,153,169,56,180,35,211,99,80,217,20,149,180,155,71,6,227,162,189,185,226,46,0,73,95,92,115,254,66,210,250,165,254,201,86,115,132,134,196,19,215,96,120,73,202,145,79,207,242,68,72,127,122,178,52,185,68,127
152,126,248,59,70,32,165,61,225,163,180,70,168,111,216,97,92,236,217,101,23,133,67,105,160,30,128,196,28,125,126,149,8,117,30,253,135,13,228,0,73,81,143,7,187,115,190,217,135,103,2,234,99,209,59,153,183,230,164,203,122,160,5,91,25,97,78,70,183,36,108,247,239,61,154,82,79,63,170,156,116,80,157,164,219,218,110,42,252,32,215,186,147,42,237,231,152,182,116,72,220,172,51,95,210,22,150,14,122,23,73,176,205,95,11,229,149,163,7,142,117,146,122,114,37,188,189,41,127
173,189,202,55,215,1,168,162,86,247,235,193,16,113,205,73,32,142,85,60,48,39,0,188,213,60,10,37,253,235,31,179,135,239,221,3,112,252,18,82,50,238,58,216,40,127,123,240,91,181,67,147,33,16,102,191,200,43,71,254,172,88,230,171,145,141,18,44,189,126,118,143,153,83,184,237,200,231,80,42,210,181,55,183,1,97,121,154,30,252,33,227,202,118,101,232,82,192,88,224,238,143,30,8,202,37,139,19,11,22,24,72,12,244,163,151,72,117,189,192,89,144,251,240,10,7,249,63,127
128,87,200,202,41,184,56,156,70,148,90,122,32,160,89,245,249,28,146,7,2,187,66,242,54,95,85,62,230,213,76,238,180,157,132,97,125,77,46,240,154,225,107,95,93,157,209,156,12,207,157,154,141,77,56,78,208,52,13,125,182,95,158,125,225,211,130,103,135,204,172,227,188,61,170,43,118,245,0,26,92,236,18,239,104,166,23,240,74,204,22,43,60,65,157,96,113,89,117,217,6,242,20,110,181,125,134,133,30,159,240,109,63,142,248,130,59,147,156,33,183,113,116,239,252,86,31,0,127
10,128,120,16,91,174,186,168,31,245,221,160,225,134,167,200,7,86,142,12,131,38,160,16,196,145,53,30,60,165,109,101,206,84,77,183,238,195,46,170,155,75,209,199,230,26,40,67,103,161,169,12,60,41,174,191,126,226,168,180,190,233,32,45,104,251,196,136,9,218,159,220,11,1,102,2,65,141,32,80,77,237,245,144,152,162,80,3,183,64,197,107,209,0,54,250,62,152,245,176,53,186,45,226,233,147,129,189,130,80,7,22,28,164,247,124,215,151,49,66,78,216,181,84,35,12,83,196,127
110,90,189,97,135,217,40,152,23,128,94,45,187,40,217,234,187,144,88,0,23,53,174,20,157,111,19,137,206,133,78,46,203,161,40,5,98,197,138,13,59,54,31,169,223,79,25,221,167,151,245,110,121,243,112,29,147,129,81,214,231,201,79,137,39,156,6,62,243,26,33,242,72,177,96,193,14,107,168,175,95,40,28,4,129,230,188,92,211,252,103,117,155,4,91,209,193,85,188,81,37,244,227,29,16,80,44,94,162,191,249,192,1,209,146,141,222,238,209,57,219,217,49,217,128,55,238,150,127
177,155,206,37,137,228,220,27,86,229,97,71,118,205,108,62,93,11,222,241,176,171,130,131,247,229,130,46,60,89,184,218,9,202,155,167,71,167,154,110,132,118,119,26,20,104,101,233,34,93,228,105,150,33,2,213,61,11,51,13,16,105,71,54,235,243,98,147,96,3,207,49,95,126,120,18,199,1,176,1,239,246,104,7,101,29,236,135,81,29,60,47,158,100,152,114,138,15,150,254,186,22,94,163,85,81,12,240,10,46,96,88,82,25,226,204,115,144,40,157,39,211,121,155,86,94,152,236,127
81,95,112,139,138,142,161,35,206,242,76,166,107,135,115,102,38,199,42,252,16,84,172,120,129,48,0,143,60,158,3,94,82,153,176,116,236,77,20,185,202,121,49,108,106,241,42,61,72,172,171,170,201,218,142,180,102,245,33,227,131,0,59,103,181,194,131,154,18,230,1,138,127,113,221,55,39,201,199,15,148,34,184,132,167,215,134,117,179,42,172,26,95,56,128,228,30,183,249,142,245,36,201,209,248,160,129,57,130,208,36,94,123,106,205,4,89,73,85,79,254,223,89,55,97,89,52,197,127
222,125,137,233,16,168,163,219,94,247,92,3,129,246,209,1,130,254,9,173,17,204,72,5,194,44,210,118,209,235,176,222,26,78,47,55,103,63,11,154,95,202,245,125,243,227,123,162,121,65,231,205,78,97,214,61,176,248,14,214,212,156,153,18,198,119,182,253,180,200,175,58,151,15,172,126,85,25,180,45,102,118,71,116,6,14,202,98,9,26,216,100,201,18,205,192,244,235,88,119,236,172,62,177,152,111,40,4,179,184,155,54,180,248,95,165,95,73,57,177,65,222,229,198,74,100,142,76,127
59,119,172,61,94,228,46,226,215,218,20,120,249,173,207,241,67,239,241,238,76,134,23,9,93,29,125,135,142,123,110,107,146,67,3,62,134,108,193,210,11,28,73,134,66,11,49,84,154,222,60,231,169,13,68,254,26,247,241,48,133,175,109,51,168,21,190,43,186,152,28,68,31,148,133,135,17,102,69,120,145,119,178,30,58,199,189,139,226,175,254,21,223,149,82,132,24,180,185,138,254,215,175,109,241,139,134,0,219,41,87,62,245,142,124,62,27,177,149,226,124,34,200,226,241,77,24,120,127
234,17,144,41,249,40,172,58,21,77,176,20,244,22,26,6,42,146,187,52,77,159,25,91,85,211,107,208,218,68,200,251,37,139,59,155,234,229,145,166,233,43,140,5,162,80,242,133,128,53,167,179,42,140,9,240,18,29,88,35,199,181,23,177,146,50,169,98,217,224,83,169,249,81,121,228,87,246,31,5,161,212,246,183,124,79,60,233,24,131,214,195,240,187,235,148,104,128,222,175,235,73,116,11,245,55,137,126,153,98,182,41,64,103,168,192,247,33,86,34,162,65,167,88,111,78,94,103,127
244,23,40,107,14,24,198,24,81,209,128,9,183,209,129,185,50,216,244,6,108,51,138,241,229,124,216,52,254,158,114,224,14,87,232,225,148,239,220,189,38,1,102,58,97,88,100,0,186,40,174,55,229,224,167,223,224,31,25,203,8,96,37,29,162,161,1,149,148,64,76,227,184,104,122,202,223,238,209,98,3,214,185,73,250,231,113,219,51,200,180,81,12,71,126,237,181,165,218,69,29,170,232,55,183,76,61,124,84,209,128,23,87,17,0,102,149,184,110,41,121,133,228,152,202,180,35,128,127
81,223,179,39,6,242,210,111,236,202,234,231,100,101,82,96,36,105,148,5,15,90,202,182,120,176,253,216,26,242,9,205,135,201,154,48,48,126,131,124,134,221,167,107,99,199,238,121,157,235,79,153,129,181,181,188,78,130,174,214,196,79,94,22,158,23,233,147,37,203,0,252,240,96,240,142,205,189,21,83,183,168,42,213,204,190,47,4,65,62,165,93,33,238,50,0,239,245,33,238,129,126,30,149,27,123,119,232,225,10,2,40,85,84,133,74,41,216,222,153,71,176,165,79,77,196,250,53,127
47,3,92,133,39,9,46,79,173,39,29,181,162,89,12,59,54,13,157,113,46,8,236,94,127,170,167,5,210,6,111,125,104,144,249,170,226,9,191,154,73,171,151,116,185,46,203,213,99,176,11,118,0,144,137,186,222,23,176,153,90,228,220,0,241,182,1,40,176,170,204,32,85,127,143,143,174,186,176,50,10,13,129,239,254,171,103,81,29,1,141,180,78,29,198,114,161,65,42,137,235,250,45,23,84,28,199,182,80,28,247,65,176,61,52,36,239,160,140,198,226,84,220,42,215,166,185,18,127
233,2,32,183,48,252,174,167,240,65,195,159,133,123,223,142,98,192,230,156,107,156,65,210,8,24,159,164,222,1,195,114,165,123,115,97,110,29,125,122,168,163,18,87,192,97,52,150,81,65,193,41,127,24,130,45,94,204,231,172,150,79,67,95,74,198,158,0,167,249,209,103,155,41,43,89,41,251,48,82,41,115,204,138,2,28,107,81,83,53,198,225,34,65,134,35,14,76,82,210,132,99,253,154,64,207,226,60,169,234,70,157,14,184,30,171,253,25,204,172,62,20,95,161,24,93,121,139,127
212,170,103,174,18,132,93,230,30,67,25,98,24,58,228,64,14,62,216,129,127,31,232,17,98,219,146,110,91,103,121,188,238,63,7,36,223,83,41,239,83,76,45,143,252,200,130,215,129,188,120,188,67,242,110,136,87,108,132,39,158,206,11,110,11,131,18,209,195,198,116,37,149,198,247,21,19,150,66,26,146,135,115,82,13,89,237,250,235,105,101,188,34,238,114,97,13,185,214,5,167,144,221,194,57,35,173,30,127,82,190,14,31,234,1,197,112,155,200,210,176,219,221,243,52,165,160,86,127
243,156,90,89,181,235,3,234,23,24,91,0,98,122,93,36,210,63,242,129,242,77,25,215,79,99,167,173,12,7,0,101,136,6,154,39,129,114,243,93,143,236,49,79,230,175,4,196,43,207,0,91,172,64,183,252,118,16,197,163,239,230,65,196,57,254,135,179,119,7,207,89,222,177,226,112,54,1,40,10,109,61,93,128,215,24,13,34,90,75,74,185,224,114,192,184,42,204,136,39,168,214,97,109,17,52,218,179,156,105,97,165,156,254,20,98,156,175,129,132,37,178,67,85,229,208,157,24,127
172,118,99,134,149,104,75,183,17,150,8,237,64,130,94,79,121,226,177,70,172,154,106,193,95,158,132,223,2,146,130,212,38,229,150,81,182,110,110,203,208,216,213,187,190,40,43,45,61,35,143,0,228,127,216,231,125,252,194,0,184,245,138,190,196,3,148,43,254,176,183,29,53,173,114,231,90,135,60,192,220,254,229,104,160,184,136,144,177,81,141,210,202,126,11,196,136,238,76,98,176,143,76,143,39,126,134,53,80,131,156,251,13,163,120,226,68,198,34,249,174,20,62,235,185,232,254,138,127
254,56,42,176,108,171,161,21,225,212,126,181,44,205,240,64,68,173,168,182,17,185,203,101,62,82,174,100,143,108,217,20,111,254,183,94,222,252,23,56,107,249,111,226,109,56,187,66,111,163,35,25,17,21,206,132,236,188,122,136,58,226,226,242,252,159,23,25,48,28,86,229,36,169,0,92,25,158,152,247,95,121,150,30,106,101,139,6,58,68,232,219,11,29,192,155,28,176,116,234,226,33,40,2,80,47,157,138,8,60,242,180,107,162,230,195,197,122,196,63,165,241,157,97,24,94,239,237,127
14,76,192,128,16,173,112,208,158,236,67,136,23,119,45,46,199,176,156,206,50,216,69,90,254,75,93,97,26,35,53,164,177,27,137,57,43,147,154,47,35,247,109,254,46,59,173,73,199,188,59,101,234,240,147,45,1,21,9,50,7,48,67,143,21,161,175,22,201,245,210,142,15,21,65,158,162,226,174,147,215,12,58,238,29,11,145,160,191,230,91,76,249,94,112,87,17,92,96,111,80,215,123,246,121,207,115,20,223,149,188,223,64,4,247,22,63,163,165,189,102,107,245,159,3,235,46,44,127
39,57,54,178,85,52,61,49,177,236,69,95,223,220,171,146,163,87,108,78,73,98,204,57,191,38,138,151,244,214,172,230,131,34,167,85,82,99,163,0,105,97,186,203,91,7,104,107,34,248,120,109,94,126,254,134,236,175,73,35,19,249,187,122,157,29,6,95,214,152,109,89,214,71,157,216,30,129,82,207,113,26,112,190,208,221,15,151,250,102,74,18,206,73,89,102,173,166,87,96,91,60,8,167,209,106,146,128,77,34,70,115,129,26,249,163,190,153,248,205,203,0,58,3,223,197,49,212,127
132,91,179,134,168,254,2,185,217,25,253,210,195,61,160,97,102,147,99,108,140,215,70,126,121,231,243,197,198,235,75,227,238,200,7,27,162,34,20,150,252,30,154,208,181,112,120,252,210,215,96,4,53,210,57,46,192,115,36,125,177,200,19,144,113,141,7,131,43,20,67,83,101,31,225,250,86,0,146,241,4,50,31,0,91,228,215,168,62,152,187,253,213,208,47,122,140,115,189,136,185,1,32,231,99,161,20,16,7,11,170,85,202,179,168,130,238,64,241,219,80,26,77,171,142,216,168,250,127
242,13,52,144,162,105,176,143,67,212,235,175,24,8,96,60,167,135,172,200,0,210,174,64,239,26,194,209,59,156,153,1,143,194,250,48,25,62,240,145,189,181,197,217,192,81,130,185,254,67,185,71,82,92,43,242,36,183,223,26,53,7,133,159,113,36,95,91,5,132,110,40,163,85,102,162,63,172,17,228,103,242,26,162,121,124,204,233,146,159,36,142,2,87,162,199,189,62,242,54,211,77,7,208,85,119,127,42,14,34,104,7,179,63,91,182,196,47,207,57,227,39,82,41,114,195,50,34,127
227,249,0,96,115,193,36,76,212,57,17,235,207,84,46,133,81,133,249,102,117,254,100,184,115,40,121,71,203,229,56,166,28,232,35,195,161,59,35,23,144,12,77,201,187,176,208,159,238,156,148,156,156,202,80,231,133,48,220,124,17,173,129,140,134,34,66,13,28,105,1,117,46,196,175,67,10,124,219,58,234,102,155,171,136,132,248,86,222,19,15,224,181,247,193,61,245,183,225,218,146,215,58,219,158,199,189,29,37,170,7,241,208,204,113,223,123,181,118,219,27,147,108,18,131,59,31,217,127
45,48,128,75,169,79,125,20,129,167,176,213,14,48,122,203,205,11,146,229,104,232,203,10,153,189,231,214,131,96,156,216,129,191,197,189,132,52,38,208,36,0,29,61,131,53,36,30,10,52,222,66,89,91,249,68,203,254,196,27,153,178,49,70,58,241,203,224,151,158,93,46,186,48,131,214,184,83,64,19,2,143,65,203,207,89,31,158,15,186,134,192,233,57,217,40,123,73,62,225,27,219,229,61,131,238,225,68,23,180,127,12,37,218,31,59,101,67,252,230,184,9,164,74,100,146,59,54,127
156,127,158,103,3,92,115,63,205,86,71,64,157,36,128,128,230,104,125,73,80,48,253,252,204,72,244,128,27,0,84,172,235,9,254,27,9,96,145,56,157,3,38,151,38,178,105,6,33,109,177,57,168,30,211,242,50,109,249,222,232,214,245,116,0,179,168,189,122,245,110,223,123,112,250,227,178,201,71,51,88,220,47,226,233,175,198,116,33,199,34,139,195,35,112,117,226,43,111,57,186,109,134,148,100,14,141,88,120,182,37,215,99,183,10,192,165,180,108,63,60,50,32,37,235,3,35,107,127
188,113,187,102,178,54,72,30,227,139,68,81,238,106,236,142,97,40,87,182,180,13,120,7,31,49,35,240,146,78,85,114,34,227,147,93,114,224,89,125,188,37,254,90,8,240,234,211,101,212,45,143,6,52,81,79,171,86,179,84,135,217,181,164,134,173,0,184,143,137,89,95,180,207,250,159,244,229,80,238,204,77,24,46,97,194,253,119,209,64,214,61,31,165,91,196,254,97,191,254,128,65,4,91,13,172,66,237,26,169,190,51,71,98,235,217,18,23,154,158,66,181,17,222,154,140,15,94,127
219,57,149,238,161,227,80,11,8,19,111,72,69,1,48,51,165,71,221,238,145,141,214,47,249,172,113,38,91,39,123,53,95,157,198,250,131,201,115,152,105,55,115,220,39,33,114,246,145,80,127,133,149,127,203,48,245,96,218,94,191,215,61,135,19,163,38,114,76,121,185,150,254,82,185,151,165,93,64,243,244,120,191,178,61,154,254,220,144,85,120,158,67,141,175,91,23,224,5,123,143,221,202,247,253,65,236,46,153,85,27,110,113,213,4,136,223,25,35,42,27,149,13,168,36,170,249,174,127
66,140,87,10,25,154,121,207,216,251,231,80,125,179,15,184,56,16,35,200,201,211,71,192,182,41,59,15,140,91,37,0,173,34,159,225,169,127,130,15,76,111,43,69,54,6,38,139,222,109,107,89,139,148,41,7,28,252,230,72,66,127,238,122,178,110,107,19,92,202,45,188,216,228,5,251,223,152,82,98,118,212,112,41,238,158,42,61,248,226,169,22,209,45,217,71,136,125,166,248,245,208,123,91,220,2,124,134,155,213,73,19,170,180,77,137,53,238,41,30,252,110,50,48,14,122,175,134,127
146,253,103,55,246,236,216,3,81,217,127,237,248,85,67,198,235,228,15,188,232,126,58,216,113,32,48,116,66,147,10,53,47,154,28,254,15,39,186,39,65,172,163,51,116,158,207,116,80,27,128,152,151,112,2,78,88,37,13,215,122,2,25,230,88,120,77,226,1,32,62,227,125,70,135,11,15,193,240,207,242,106,31,127,73,50,16,7,44,103,212,115,236,211,231,225,137,0,165,182,231,40,240,139,26,254,41,77,181,208,120,128,40,9,142,186,97,125,109,213,170,57,200,0,215,146,168,2,127
8,34,233,215,122,5,137,246,14,42,14,203,147,230,41,235,104,114,193,159,203,150,153,105,173,126,78,0,150,5,108,163,106,203,61,209,183,210,12,251,221,82,241,247,140,69,226,243,22,138,15,66,158,21,92,204,14,185,129,163,200,133,89,222,44,100,157,6,218,12,164,74,217,57,19,222,174,128,58,127,142,84,195,66,210,246,7,161,57,251,128,206,86,59,208,145,176,191,65,19,17,8,233,165,132,0,138,189,117,24,122,35,254,121,41,172,63,78,248,227,38,209,248,147,0,113,64,22,127
226,90,241,146,192,253,254,36,131,52,1,39,74,182,179,107,98,38,143,53,96,220,8,149,166,180,232,108,242,56,146,106,51,84,188,55,190,136,40,192,41,93,65,9,157,80,219,69,10,12,239,68,103,178,174,95,152,228,238,169,230,109,37,204,5,23,109,80,163,116,58,234,14,71,194,109,21,115,210,105,49,155,129,174,75,165,77,61,211,248,98,90,203,152,176,34,154,51,40,63,62,16,124,4,153,62,119,221,55,39,184,93,171,169,126,252,199,89,183,157,30,177,245,214,188,2,77,164,127
3,220,214,52,211,110,143,205,15,249,25,101,67,253,127,180,240,45,197,94,176,48,104,242,72,51,43,22,64,184,128,143,254,3,21,8,246,238,192,45,90,51,55,211,190,14,86,249,82,218,39,248,245,57,57,187,217,144,149,54,219,127,170,36,29,172,133,188,123,149,204,251,243,124,197,222,223,18,137,162,254,82,78,47,2,182,248,10,113,140,248,12,167,215,81,92,222,80,234,45,124,247,70,26,234,189,134,11,156,160,65,149,25,91,109,127,240,140,177,81,252,189,5,140,242,71,253,15,127
77,18,63,153,202,203,128,22,152,139,237,190,94,161,223,10,175,169,198,112,157,55,212,172,164,118,92,172,9,245,245,202,153,27,46,8,151,106,133,118,178,0,86,168,77,207,213,103,59,56,106,78,181,146,229,94,244,101,208,215,76,66,189,69,51,137,5,155,141,233,149,39,11,179,162,76,213,127,233,85,45,43,100,103,224,237,130,44,123,117,71,196,0,251,107,15,200,137,199,251,14,30,239,60,221,179,228,241,147,254,97,155,11,197,96,145,72,172,184,90,233,113,100,212,106,133,104,175,127
245,217,194,139,160,226,108,123,22,165,150,226,5,151,43,131,62,59,85,231,32,4,21,36,34,84,104,32,138,202,37,233,24,124,38,45,123,13,127,8,143,206,239,44,73,106,170,215,90,179,205,144,19,59,131,89,140,227,246,12,99,93,107,180,47,160,141,217,18,58,128,65,8,114,132,185,237,53,61,231,92,6,7,92,100,171,60,67,101,127,51,198,130,193,153,47,106,127,187,214,43,239,72,173,202,178,142,57,116,10,153,125,225,63,194,0,116,122,23,142,233,88,0,135,161,133,127,215,127
253,79,66,140,70,174,214,206,10,239,7,114,236,156,97,104,228,144,187,109,19,90,99,72,222,21,200,39,203,9,231,119,62,46,126,205,141,22,49,126,23,17,203,1,160,6,137,173,52,104,25,251,233,198,18,52,62,64,38,44,120,234,204,76,205,92,39,216,188,19,82,159,88,3,92,21,215,242,1,6,193,82,208,120,62,127,119,82,80,179,223,176,193,96,30,144,158,251,231,128,238,196,116,218,15,86,175,89,46,244,236,13,160,248,147,196,180,41,235,42,181,155,165,196,248,128,11,67,127
176,6,89,143,170,11,183,150,121,216,99,208,254,106,0,96,119,79,17,178,146,120,113,37,61,145,11,199,27,119,234,132,192,128,187,130,31,107,159,98,110,161,54,131,225,131,216,33,228,65,155,52,152,21,205,121,150,185,253,94,184,54,66,36,137,153,9,25,46,254,67,157,153,190,254,245,170,245,48,5,195,50,74,153,222,50,125,51,28,182,125,114,209,159,66,237,53,92,1,12,232,17,0,73,2,73,47,181,157,107,171,36,97,131,213,59,33,217,242,115,6,37,90,98,124,77,127,104,127
25,10,171,106,185,250,184,208,212,13,248,41,135,12,101,75,237,246,181,245,214,229,102,192,185,98,98,142,205,37,150,251,182,222,235,118,75,121,0,233,156,178,31,212,155,156,138,7,246,3,92,75,144,191,177,150,236,152,224,56,10,155,11,47,65,116,109,205,98,251,101,180,56,104,52,114,254,172,143,244,149,106,30,157,219,225,237,150,234,34,172,195,122,188,120,96,224,147,28,42,8,37,226,93,249,194,39,26,230,29,225,41,181,233,230,23,46,186,178,243,207,60,142,219,201,18,124,188,127
97,36,48,100,254,42,24,241,116,209,13,113,183,77,18,33,75,252,24,20,212,94,41,133,45,69,165,19,166,4,188,23,111,202,125,142,70,75,197,131,237,188,236,20,5,46,94,237,27,44,116,130,177,38,4,37,105,133,254,199,83,181,196,158,80,98,249,174,121,241,83,166,11,134,141,144,177,191,107,162,149,191,209,196,18,254,113,179,87,98,215,13,186,132,73,71,84,188,17,125,215,58,22,221,158,4,28,154,136,13,177,0,17,61,74,29,229,100,170,249,220,67,27,246,184,103,240,12,127
80,68,130,119,103,199,12,181,133,59,109,25,92,59,197,65,35,51,225,226,134,225,106,10,156,248,145,116,115,60,202,42,135,118,0,53,202,108,41,78,136,87,94,146,47,76,162,199,31,172,37,164,174,176,152,75,25,232,148,109,215,209,107,38,156,45,179,43,210,114,186,78,123,197,214,232,88,213,86,76,233,26,18,238,6,91,158,65,167,164,42,161,234,212,224,198,227,4,127,135,24,236,8,251,0,39,9,204,249,2,122,113,57,250,175,81,77,194,30,23,218,91,55,242,39,145,221,135,127
109,6,22,8,115,244,170,233,210,222,92,47,241,66,185,254,33,92,157,242,99,232,199,164,192,222,143,207,145,95,170,105,212,170,153,146,15,224,215,1,138,206,16,89,93,210,134,239,195,248,124,104,60,254,1,33,18,84,166,248,15,85,0,102,46,81,12,250,67,126,239,0,191,110,65,98,22,105,159,6,178,43,44,35,34,232,222,110,187,73,143,223,46,109,107,11,248,174,254,248,84,229,151,191,60,78,72,102,42,176,216,49,188,159,204,232,115,129,226,254,148,20,59,167,94,199,237,6,127
105,31,183,154,158,176,106,48,46,79,202,59,94,112,124,224,104,93,115,98,107,30,99,101,193,254,198,216,249,82,22,212,204,3,29,41,97,22,99,140,95,124,203,103,50,29,164,139,113,246,85,185,75,159,126,90,128,120,125,197,179,18,137,48,210,138,79,190,133,41,194,98,134,13,47,47,140,72,211,237,113,152,126,167,166,186,26,44,15,50,22,172,173,252,86,34,18,5,198,56,200,0,143,56,165,41,11,219,145,117,147,171,149,20,60,169,182,236,3,27,36,230,227,41,160,17,64,7,127
173,0,70,217,182,189,155,35,0,175,40,231,191,127,19,86,16,132,89,89,92,104,116,218,162,4,29,166,103,115,147,206,238,87,137,141,46,243,3,46,45,232,163,115,28,197,164,100,123,46,37,110,201,6,189,5,169,110,211,89,239,3,148,164,114,121,148,95,217,133,171,163,71,73,143,104,142,25,60,173,164,148,44,157,111,243,233,150,29,249,13,14,139,140,124,75,26,219,117,146,124,7,3,164,13,155,203,185,109,76,224,38,43,244,254,120,220,137,204,131,19,9,112,169,55,234,239,179,127
161,204,185,61,150,99,132,121,63,54,228,127,38,43,25,145,254,12,254,239,204,164,190,176,222,126,185,182,145,91,252,209,105,215,73,217,231,203,56,203,85,181,207,85,33,130,148,220,14,112,79,219,180,234,171,12,7,6,239,146,218,246,119,184,128,51,202,153,239,17,184,218,176,13,160,10,251,250,194,5,241,52,112,115,16,253,96,163,111,154,126,0,69,167,96,246,241,51,171,121,195,11,192,51,210,145,132,128,183,96,144,215,73,192,244,192,210,69,7,134,116,48,161,193,42,5,83,94,127
61,79,49,52,91,37,206,31,76,176,124,98,0,188,197,168,143,4,4,38,114,217,130,228,145,190,190,32,233,153,245,8,174,31,76,92,12,173,88,162,37,141,158,135,185,107,131,203,54,55,234,120,138,147,224,1,89,122,98,184,193,179,153,104,22,165,220,66,41,81,175,218,9,190,31,231,136,88,129,232,161,202,5,189,26,31,163,43,20,112,59,139,159,55,24,113,238,170,170,217,56,193,44,229,231,42,244,18,71,243,84,28,203,246,150,217,6,195,72,209,84,148,0,81,35,40,3,145,127
13,76,125,188,143,109,50,102,119,97,137,140,63,239,205,176,40,178,93,190,104,63,65,7,150,152,129,167,116,7,52,25,90,61,134,108,86,241,148,0,246,50,96,16,111,201,24,207,112,130,104,14,22,235,76,29,174,67,139,36,158,254,249,116,99,233,62,33,28,31,217,81,43,60,56,80,171,171,186,254,139,161,8,233,175,214,54,53,254,43,195,3,148,218,5,159,248,50,162,181,112,137,126,220,82,25,153,231,186,126,239,171,118,27,191,222,27,86,127,211,230,4,99,62,224,222,121,144,127
104,234,230,117,102,137,175,39,20,177,166,197,121,170,217,133,71,213,1,44,69,67,164,78,65,87,249,90,210,177,28,161,55,195,202,139,76,215,37,144,117,203,132,206,19,192,113,126,231,11,72,75,53,200,222,52,92,90,182,146,148,26,106,128,4,1,241,75,248,153,44,95,129,254,112,50,176,8,67,219,41,78,122,104,117,141,106,46,62,254,9,247,12,147,16,118,115,67,106,68,14,32,176,114,215,184,88,245,239,71,156,66,88,147,66,4,164,212,87,188,245,112,93,178,66,66,254,173,127
116,84,176,253,61,44,141,104,47,93,197,237,137,209,132,9,218,57,105,67,162,52,148,178,154,199,23,143,145,203,105,179,192,51,215,154,159,32,198,223,214,120,132,77,114,215,9,112,218,97,69,40,170,15,65,60,46,97,37,49,53,246,254,28,16,181,254,49,43,161,227,241,36,145,135,35,129,244,14,184,194,69,215,163,199,80,85,95,0,37,152,67,252,87,161,26,98,94,137,28,176,153,173,57,184,25,179,103,86,146,72,167,84,217,25,120,17,0,226,220,91,220,63,138,168,238,163,124,127
251,19,248,22,201,116,0,101,131,173,216,229,210,254,63,1,59,8,32,41,5,121,86,103,3,136,24,77,227,246,204,178,135,108,209,67,109,117,193,107,158,145,11,57,24,187,108,11,136,115,58,125,62,95,21,13,161,63,46,226,131,76,103,24,47,129,159,40,252,22,82,49,191,41,222,194,152,138,122,93,147,167,172,219,33,106,204,10,91,71,34,174,231,33,14,224,76,192,175,131,167,49,165,181,101,40,57,168,231,92,117,90,20,191,50,97,178,102,0,223,61,142,99,173,156,235,162,204,127
168,222,253,155,64,212,131,186,86,207,101,148,223,156,67,128,44,71,115,18,224,106,17,141,245,115,81,154,92,168,187,248,154,44,57,202,154,121,205,68,61,206,57,186,19,33,135,71,207,245,35,50,37,254,129,160,74,25,178,39,113,171,205,182,231,36,20,215,240,134,252,220,109,203,154,16,102,9,17,23,230,16,90,66,110,171,130,137,191,230,35,140,227,250,46,20,113,252,198,34,6,23,178,3,93,169,82,70,251,244,235,34,17,194,97,11,197,141,168,174,224,96,110,191,138,163,240,83,127
135,254,211,131,75,143,182,242,97,105,175,168,204,110,181,222,175,104,169,145,156,13,144,159,43,222,102,215,237,253,225,197,76,98,183,143,199,83,149,63,254,51,154,164,0,95,73,190,60,25,175,57,231,238,85,112,8,75,40,244,58,163,163,20,122,24,22,163,108,238,133,49,220,86,214,0,153,135,99,21,212,230,26,48,62,27,123,50,169,33,100,246,177,167,149,207,212,222,229,252,47,240,20,184,236,116,209,108,198,159,224,183,108,157,63,134,30,43,168,21,221,27,243,234,19,150,100,69,127
