82,109,177,143,115,137,125,205,109,117,127
84,231,248,156,92,79,211,154,34,248,127
42,157,65,134,89,193,209,59,15,61,127
178,19,55,57,150,27,110,102,10,148,127
29,222,66,184,16,167,22,44,153,202,127
184,148,88,34,252,175,84,60,190,181,127
126,46,44,54,157,155,119,202,102,221,127
126,86,191,33,151,155,12,66,60,182,127
66,234,125,146,161,45,36,139,15,194,127
158,237,51,105,85,193,129,11,201,98,127
32,207,251,180,69,49,229,76,43,28,127
232,217,148,217,73,191,14,39,134,104,127
207,141,148,131,207,182,59,57,14,57,127
30,36,15,79,21,182,223,221,25,166,127
245,70,212,32,168,16,250,203,245,11,127
120,57,197,224,228,252,234,246,82,193,127
30,196,183,248,6,3,183,43,127,254,127
146,210,127,235,24,51,232,95,20,251,127
2,236,132,97,121,25,115,143,48,102,127
105,81,85,76,169,68,120,161,232,9,127
221,115,6,199,35,48,8,165,47,206,127
112,197,228,121,212,117,202,11,190,48,127
47,40,18,129,230,160,136,161,49,31,127
35,96,238,158,223,118,111,53,58,100,127
208,190,174,129,149,119,172,243,94,241,127
175,2,78,119,122,63,186,24,82,122,127
215,234,17,147,79,101,30,58,187,69,127
142,102,250,12,3,125,42,31,157,77,127
155,175,32,186,241,187,24,178,51,214,127
96,222,92,54,63,141,136,5,144,152,127
83,67,56,74,60,190,219,84,102,135,127
196,245,101,194,4,202,111,226,225,250,127
98,190,66,47,243,248,241,30,148,62,127
64,29,95,213,251,235,53,113,144,23,127
228,61,119,85,89,84,210,1,30,131,127
60,5,69,112,186,147,5,196,242,234,127
216,113,88,147,106,37,52,31,67,240,127
234,194,164,186,39,75,246,132,92,105,127
47,138,113,152,163,170,102,119,0,252,127
185,243,58,195,109,115,201,11,129,0,127
198,115,251,237,37,215,9,220,80,197,127
59,130,32,67,153,18,165,141,159,29,127
113,49,210,154,183,91,207,36,95,117,127
141,29,192,84,174,146,67,211,238,149,127
136,84,79,231,86,88,224,70,41,185,127
195,134,106,110,67,189,40,66,47,244,127
190,35,216,181,168,50,49,73,157,125,127
240,211,194,73,200,154,122,216,246,76,127
154,112,104,90,189,46,201,163,252,36,127
238,206,104,141,139,86,137,117,80,1,127
48,30,242,96,15,123,48,127,103,129,127
137,158,190,195,101,149,247,227,100,247,127
122,14,70,87,245,25,118,106,173,237,127
65,127,61,187,44,14,85,32,36,114,127
117,97,214,50,38,98,122,83,203,245,127
26,127,45,144,188,206,11,0,92,211,127
121,20,127,17,215,32,147,137,110,26,127
107,38,126,206,71,57,193,112,129,93,127
247,115,200,155,129,84,134,177,38,98,127
50,23,102,110,136,216,245,236,191,216,127
73,142,164,204,129,75,105,156,61,127,127
35,209,51,196,58,106,189,172,191,30,127
205,102,172,208,154,13,54,8,224,188,127
88,172,140,131,216,202,133,89,123,207,127
184,107,0,84,167,242,113,13,200,227,127
194,96,133,54,157,173,150,36,16,181,127
153,134,192,125,52,38,2,6,122,221,127
232,86,130,58,186,129,211,183,114,225,127
81,223,115,106,147,200,63,170,195,210,127
180,192,36,72,30,194,175,54,5,168,127
145,203,174,26,74,242,63,184,110,230,127
71,205,81,75,86,50,66,102,247,212,127
134,14,52,210,161,131,112,152,11,181,127
87,71,91,203,122,249,136,70,58,194,127
101,75,214,99,146,232,201,168,131,15,127
51,103,61,249,134,213,157,22,218,68,127
220,14,68,14,116,225,31,112,154,204,127
28,36,226,21,225,126,166,56,227,188,127
72,127,171,71,54,27,131,29,118,153,127
168,124,79,141,53,73,182,185,29,44,127
171,128,134,5,51,23,245,125,55,145,127
116,242,56,116,40,82,232,93,78,57,127
38,58,110,57,136,33,238,135,223,45,127
250,71,67,229,63,133,200,24,149,97,127
93,230,26,169,209,103,213,182,166,31,127
77,238,124,242,6,18,149,178,194,124,127
61,46,208,104,69,227,10,214,152,125,127
185,137,83,50,175,159,46,148,71,170,127
148,49,26,237,114,240,52,247,23,126,127
156,168,235,107,220,102,199,132,35,249,127
121,127,4,179,190,57,182,90,64,82,127
51,211,110,144,185,28,125,238,152,6,127
158,61,92,192,26,34,147,52,246,207,127
162,64,89,134,231,2,54,254,78,142,127
247,73,199,105,170,163,241,242,33,119,127
214,237,22,57,16,231,163,164,213,175,127
25,240,159,77,75,116,170,142,201,173,127
221,20,22,169,104,22,117,162,36,185,127
140,33,78,164,217,110,139,208,94,244,127
115,23,42,134,27,181,181,233,58,140,127
107,180,29,237,159,7,32,111,75,95,127
106,9,163,161,176,143,86,138,198,15,127
218,182,161,210,210,159,252,77,62,124,127
155,154,54,114,114,184,172,158,153,180,127
182,21,104,88,102,246,222,184,92,49,127
71,46,172,29,176,234,151,190,70,72,127
127,71,31,128,81,171,72,87,98,44,127
14,29,74,96,131,64,149,131,234,229,127
149,2,105,113,137,86,215,160,80,54,127
96,212,212,73,36,147,195,72,69,89,127
40,242,236,76,45,171,197,157,28,127,127
190,12,158,180,17,89,254,209,26,174,127
64,40,61,123,122,212,148,234,63,94,127
148,130,49,81,164,219,231,226,118,165,127
217,118,33,182,238,144,56,16,14,205,127
56,74,130,169,103,103,198,23,21,98,127
2,22,1,215,51,200,10,21,119,56,127
118,83,166,17,99,0,111,199,5,254,127
86,79,227,198,224,62,195,212,155,184,127
62,19,137,147,12,195,126,90,39,187,127
55,13,248,232,182,50,13,216,5,76,127
247,197,101,194,137,184,143,100,37,212,127
51,214,75,103,140,211,234,162,105,147,127
244,17,247,167,242,75,130,15,178,0,127
115,183,146,75,115,229,43,235,221,128,127
199,225,229,63,217,139,224,202,137,158,127
107,7,107,182,174,104,164,114,2,184,127
248,226,114,47,226,139,183,227,120,209,127
6,149,24,85,43,230,212,247,104,109,127
22,140,174,92,162,5,46,131,137,152,127
161,99,230,51,142,219,72,152,240,26,127
254,70,168,56,133,126,141,232,237,251,127
92,29,187,70,44,14,126,27,7,23,127
33,124,180,65,101,115,183,210,66,113,127
241,225,178,249,161,231,106,146,59,53,127
244,196,16,226,104,131,161,176,103,54,127
104,231,126,65,193,246,50,212,32,20,127
243,9,216,213,200,92,32,185,79,225,127
247,102,26,72,49,155,57,149,96,148,127
208,192,69,46,1,22,218,139,217,59,127
127,142,146,160,212,81,110,9,39,252,127
2,38,253,17,4,49,56,235,141,121,127
234,176,94,81,184,138,166,103,137,123,127
103,174,220,51,33,74,105,228,95,118,127
82,213,248,187,198,75,61,195,10,213,127
35,193,215,177,113,216,223,178,69,183,127
51,127,78,92,151,17,14,180,225,166,127
170,176,245,161,223,106,56,157,177,245,127
220,8,120,176,156,37,46,7,46,164,127
67,206,68,134,73,1,36,59,247,159,127
118,226,86,71,213,51,115,148,68,110,127
236,49,195,245,210,197,129,9,148,140,127
79,118,202,164,190,213,118,56,224,220,127
7,239,79,181,3,191,17,221,24,147,127
36,44,174,155,111,202,110,80,250,171,127
69,124,254,7,23,214,89,116,227,240,127
113,222,219,161,156,135,216,65,141,93,127
109,41,87,44,65,45,29,111,204,218,127
71,202,110,188,87,225,94,148,147,111,127
30,176,185,71,61,28,144,139,231,140,127
48,65,3,70,44,245,3,245,112,81,127
147,249,26,120,37,56,83,169,41,240,127
155,210,3,83,236,195,24,163,93,167,127
242,8,7,142,117,39,74,137,228,203,127
170,204,10,28,107,87,127,175,112,189,127
133,229,223,105,105,46,154,157,19,137,127
168,78,133,211,116,62,228,127,193,200,127
128,239,96,51,72,168,72,61,153,171,127
73,232,200,85,128,15,169,69,89,227,127
43,109,46,221,190,246,9,64,135,6,127
41,44,222,27,187,2,226,97,47,57,127
120,51,159,218,87,158,179,208,30,110,127
25,34,86,148,134,197,158,30,21,81,127
22,62,252,63,121,118,174,52,189,119,127
26,234,40,25,221,106,32,116,101,48,127
146,246,200,220,126,10,226,12,215,111,127
85,207,228,169,92,227,224,43,40,45,127
230,170,107,98,240,192,40,44,74,36,127
148,68,14,86,19,29,90,90,204,146,127
44,147,59,209,93,138,167,20,102,144,127
176,152,38,244,163,111,41,234,108,67,127
232,184,173,231,182,198,163,135,187,112,127
9,85,56,69,154,182,244,101,3,180,127
148,219,127,169,105,208,82,29,140,71,127
195,236,65,106,162,177,244,150,219,56,127
41,219,24,114,110,24,195,219,160,108,127
253,188,251,12,49,128,28,238,122,200,127
208,3,187,81,16,137,196,245,45,133,127
99,140,47,6,37,218,36,234,181,8,127
150,82,221,238,239,146,205,239,25,245,127
140,142,14,90,29,95,45,152,183,133,127
18,97,237,38,119,77,11,134,54,185,127
112,241,15,139,240,200,31,26,5,87,127
43,35,34,160,82,74,28,44,240,78,127
167,79,107,141,217,232,44,149,40,128,127
217,188,157,3,61,130,154,111,172,8,127
142,35,52,175,241,118,77,236,46,245,127
106,27,167,98,190,136,246,227,38,133,127
100,59,164,114,97,11,225,238,57,59,127
134,170,27,118,73,16,139,217,197,133,127
130,70,221,65,203,11,223,43,11,229,127
20,8,209,132,61,210,191,106,135,82,127
181,221,196,223,73,27,13,13,152,123,127
248,100,188,178,22,28,179,159,104,182,127
187,215,84,185,113,250,26,84,18,243,127
37,224,206,203,210,189,182,68,24,179,127
16,96,40,138,183,150,227,166,70,80,127
195,163,201,42,206,136,101,4,250,119,127
19,202,69,104,108,236,119,109,128,181,127
179,142,187,161,93,159,25,204,249,55,127
17,201,135,153,145,95,251,36,105,101,127
61,6,173,125,194,136,5,155,94,154,127
228,110,108,168,69,149,62,118,186,144,127
57,105,206,88,127,174,32,111,249,112,127
87,235,56,47,156,173,49,239,6,4,127
252,66,230,155,248,56,164,158,187,87,127
101,121,64,197,31,245,164,91,146,1,127
98,91,197,102,182,3,40,231,169,96,127
136,245,146,138,38,39,210,146,163,162,127
222,121,129,22,229,124,63,102,226,174,127
130,60,244,13,15,187,70,38,199,219,127
96,27,43,141,247,142,57,173,168,66,127
246,151,163,118,171,147,48,209,214,183,127
205,215,98,124,170,218,4,182,0,245,127
188,220,151,20,26,148,50,48,52,138,127
240,132,104,249,11,63,110,21,101,182,127
28,243,107,55,149,68,159,29,97,73,127
13,213,100,196,99,252,133,140,59,42,127
105,113,72,107,198,164,206,49,54,73,127
1,181,161,59,112,185,58,234,18,153,127
83,180,176,45,254,243,149,224,173,159,127
114,198,50,125,218,158,214,177,242,224,127
93,11,41,113,81,242,244,130,211,222,127
157,158,117,159,232,98,45,249,59,118,127
171,225,32,197,29,82,16,149,148,36,127
147,113,69,80,203,27,17,188,117,241,127
89,130,45,235,45,91,200,136,113,211,127
20,190,213,12,187,45,94,92,26,53,127
29,167,144,253,35,118,156,108,137,99,127
76,20,66,133,56,131,50,203,90,16,127
75,39,216,235,188,8,168,189,14,158,127
136,80,53,122,236,87,59,224,162,63,127
101,133,114,94,92,187,142,133,189,62,127
110,208,165,213,218,38,103,159,236,71,127
232,180,63,245,175,112,159,153,89,200,127
51,200,51,89,196,102,92,154,120,83,127
27,199,63,241,70,107,214,240,134,24,127
151,120,222,69,196,59,55,236,187,221,127
108,105,135,46,208,122,194,246,70,187,127
104,205,35,136,167,211,177,87,170,36,127
206,179,203,135,4,234,23,115,86,244,127
155,248,95,157,226,7,13,19,171,183,127
249,70,169,221,122,229,13,211,87,135,127
31,231,222,68,40,99,234,66,78,47,127
142,26,87,153,102,252,153,112,42,213,127
124,94,32,116,53,29,13,217,195,51,127
169,223,215,143,159,83,205,52,191,54,127
187,120,178,189,182,143,19,16,200,245,127
42,19,178,19,160,182,253,132,103,254,127
171,48,249,231,13,179,178,97,151,84,127
198,224,0,133,29,189,195,150,221,186,127
14,225,82,122,117,129,56,59,146,220,127
27,120,153,146,190,226,35,237,205,167,127
120,100,128,93,21,57,44,19,249,22,127
84,57,194,146,250,74,91,111,115,209,127
127,26,114,129,172,60,120,46,50,247,127
73,56,244,88,33,13,159,167,200,38,127
108,76,186,7,145,141,205,154,145,182,127
90,103,48,27,61,126,230,214,129,54,127
94,208,150,217,119,98,70,199,74,144,127
254,244,159,226,106,132,204,69,115,17,127
4,44,176,126,238,217,116,2,229,177,127
249,161,46,58,249,14,154,101,113,146,127
89,117,95,55,87,214,102,6,147,122,127
237,3,48,181,247,58,84,198,42,236,127
70,80,55,76,135,208,57,92,98,235,127
11,160,2,106,230,218,69,231,21,108,127
1,214,41,42,209,216,75,82,176,252,127
242,72,46,212,198,215,50,157,48,237,127
177,171,161,77,3,128,163,184,179,209,127
116,216,16,83,110,214,114,168,128,149,127
96,134,171,40,116,88,167,3,79,91,127
252,163,190,44,137,238,115,4,127,167,127
197,252,98,172,74,20,191,134,188,250,127
127,178,227,213,131,67,71,29,178,53,127
217,117,142,163,51,117,106,58,187,113,127
236,134,241,114,230,209,149,49,154,126,127
91,76,72,240,238,71,183,201,167,154,127
71,146,47,163,25,129,43,60,39,79,127
192,240,214,155,89,242,233,194,242,192,127
151,87,83,107,139,27,253,180,64,243,127
158,189,145,8,153,209,22,60,80,97,127
85,189,76,194,211,126,100,230,218,176,127
176,1,104,243,23,249,53,87,68,25,127
5,114,135,155,221,13,190,50,235,236,127
25,127,119,45,192,75,179,19,205,83,127
82,25,111,70,228,41,189,61,213,42,127
144,62,246,162,11,104,205,244,140,159,127
98,26,139,69,77,237,100,120,144,159,127
66,200,39,214,51,198,239,176,101,39,127
173,179,30,56,36,87,47,85,176,112,127
171,127,66,179,187,46,68,212,68,178,127
2,31,135,219,94,140,69,252,13,226,127
23,51,228,38,221,25,235,110,192,101,127
134,65,37,43,82,42,109,112,148,146,127
207,12,134,107,242,47,229,100,130,137,127
72,3,135,109,218,189,22,153,8,42,127
221,220,1,85,99,36,55,223,111,103,127
57,199,182,28,160,205,0,206,186,139,127
253,236,156,37,41,170,213,80,84,113,127
113,127,18,157,180,231,204,33,146,183,127
254,43,140,228,102,144,149,46,84,238,127
201,207,239,178,211,118,178,90,19,38,127
185,205,149,147,117,148,68,106,0,162,127
96,113,54,191,48,143,188,237,141,143,127
26,14,14,40,184,244,238,148,70,82,127
103,231,146,9,115,247,117,116,118,122,127
46,110,211,59,72,46,179,202,227,42,127
113,154,15,8,113,184,205,242,107,213,127
6,186,92,154,31,247,173,204,177,252,127
182,112,4,129,172,154,35,47,196,60,127
179,174,24,98,226,18,254,13,60,11,127
92,235,81,159,147,213,169,173,20,26,127
147,110,100,147,245,142,111,88,241,176,127
23,5,206,36,156,230,200,73,230,164,127
127,253,80,54,190,66,87,144,250,56,127
139,30,215,29,163,87,30,68,183,109,127
86,55,180,225,27,92,81,127,94,120,127
90,238,182,44,136,75,125,50,110,54,127
248,54,172,115,35,79,168,77,124,199,127
90,58,76,171,168,234,213,101,92,130,127
156,122,103,157,106,78,6,38,17,166,127
177,157,236,122,106,52,134,254,196,66,127
40,11,169,37,36,197,88,13,190,182,127
113,134,50,37,152,67,132,252,168,234,127
126,110,200,162,135,86,69,228,197,226,127
182,222,63,32,120,252,49,71,241,207,127
72,190,251,96,95,94,31,224,100,240,127
155,198,162,92,143,128,172,88,234,75,127
4,132,74,141,223,249,123,123,61,131,127
85,91,230,4,188,189,250,64,52,86,127
49,107,31,64,30,227,250,35,18,148,127
18,68,175,64,139,117,126,192,88,13,127
4,167,35,140,214,183,206,239,207,207,127
100,141,28,253,13,239,137,227,50,213,127
55,212,23,130,230,74,126,244,151,149,127
227,211,15,209,146,201,116,78,168,124,127
162,61,148,169,92,246,133,43,165,133,127
75,112,201,6,16,85,136,172,50,219,127
117,94,8,87,137,100,189,141,15,27,127
0,176,67,198,240,86,22,217,80,145,127
101,248,66,198,70,50,111,129,109,241,127
252,110,204,71,244,33,15,175,106,44,127
162,164,164,99,165,152,122,104,56,92,127
218,45,57,44,213,200,18,197,204,24,127
93,2,195,51,230,5,159,9,27,149,127
213,189,76,126,16,120,196,40,69,144,127
217,79,151,56,64,50,1,237,11,234,127
171,124,9,192,176,196,235,194,147,173,127
60,127,250,141,135,154,39,161,116,126,127
18,3,109,62,88,45,15,29,53,148,127
8,27,237,116,73,17,36,2,118,182,127
148,108,243,115,209,76,2,34,48,89,127
109,101,82,102,17,121,239,247,103,203,127
224,163,109,30,104,25,5,25,39,134,127
195,244,105,129,98,108,14,22,168,72,127
34,204,12,126,126,206,110,64,198,70,127
67,87,121,195,75,247,203,116,254,245,127
165,59,4,93,194,192,201,165,167,120,127
127,120,143,109,189,126,12,88,8,168,127
61,183,173,14,230,110,230,201,146,132,127
65,248,35,70,105,84,158,71,152,201,127
113,224,145,99,195,25,86,19,71,101,127
59,232,172,21,202,193,175,172,77,172,127
20,74,245,214,164,235,99,139,105,239,127
189,10,91,224,202,82,29,110,161,38,127
28,93,107,181,186,34,10,49,165,205,127
206,50,234,108,140,126,50,48,119,75,127
132,221,237,186,143,157,84,1,165,169,127
239,24,190,227,123,33,245,3,189,133,127
183,127,248,58,60,254,205,65,27,236,127
197,4,185,107,89,124,239,126,89,235,127
175,209,161,197,154,186,247,61,134,22,127
38,110,183,214,139,83,163,17,77,132,127
54,137,223,20,67,225,192,17,222,182,127
208,127,141,110,245,35,219,77,80,35,127
37,80,243,120,170,155,211,245,141,187,127
74,245,159,91,201,177,45,170,160,209,127
88,250,12,114,138,89,165,208,81,224,127
124,252,159,209,111,110,216,34,173,111,127
46,69,39,248,214,145,248,134,78,139,127
226,72,24,127,247,1,220,231,53,42,127
72,70,110,199,234,15,201,137,233,196,127
34,188,66,81,178,59,109,197,131,140,127
103,249,11,243,246,78,211,3,7,231,127
3,58,194,152,97,50,202,66,246,62,127
234,124,84,150,96,93,217,66,73,143,127
197,48,79,80,199,118,192,72,42,118,127
212,64,70,149,96,113,174,179,1,235,127
190,157,105,240,119,133,45,177,108,129,127
24,164,123,137,192,140,224,63,235,112,127
83,35,34,41,156,48,86,238,96,233,127
223,238,237,63,16,63,204,84,182,29,127
85,86,76,170,103,152,118,141,157,91,127
90,65,193,118,57,119,150,174,26,51,127
25,149,175,234,125,236,69,28,152,241,127
162,201,129,55,198,55,174,139,115,1,127
231,203,248,170,92,65,110,250,176,21,127
132,24,10,141,85,243,57,105,65,92,127
249,20,139,58,111,243,212,127,117,93,127
105,226,65,222,191,212,157,149,223,234,127
99,178,223,101,36,126,241,181,187,214,127
189,25,251,210,253,8,66,73,56,21,127
62,112,93,209,125,250,70,236,197,74,127
120,59,162,59,2,207,15,180,152,146,127
147,253,68,132,242,203,27,118,84,115,127
120,160,199,191,213,141,157,105,236,134,127
58,82,254,103,33,171,137,25,63,188,127
209,162,38,37,77,187,68,194,102,163,127
81,112,31,98,22,52,141,189,219,182,127
160,152,247,253,26,154,90,214,147,35,127
109,168,121,240,209,28,224,153,215,129,127
152,110,249,36,247,21,148,54,8,116,127
229,124,235,57,120,197,160,98,36,150,127
101,155,92,97,64,22,237,219,163,111,127
116,3,225,214,74,87,176,17,144,207,127
51,170,176,215,173,107,22,236,123,138,127
207,3,168,36,171,207,98,178,172,198,127
202,121,140,131,241,214,235,180,126,219,127
160,146,54,10,170,159,245,233,231,127,127
21,247,56,102,97,155,243,235,41,248,127
104,136,240,213,121,94,98,72,4,5,127
81,30,25,65,248,245,197,94,32,115,127
59,171,213,2,55,24,218,42,156,90,127
215,39,253,151,125,129,229,218,219,162,127
31,22,165,142,117,26,154,26,3,231,127
48,231,11,147,74,170,41,69,133,233,127
147,221,248,67,171,148,70,213,59,74,127
41,127,237,108,172,234,210,87,104,87,127
134,44,153,150,161,220,113,117,73,90,127
175,217,222,112,129,199,35,55,192,116,127
70,47,238,34,245,124,24,213,50,126,127
193,166,242,73,95,219,18,67,220,137,127
38,96,181,196,120,134,248,217,227,128,127
100,81,245,57,210,90,219,188,113,15,127
251,171,92,119,198,12,194,78,85,52,127
163,106,38,53,60,65,37,117,130,120,127
33,36,85,177,139,175,236,180,48,31,127
115,71,8,89,161,251,80,94,215,53,127
254,120,209,12,108,81,207,209,128,161,127
78,14,84,173,62,200,6,201,20,68,127
24,232,238,45,217,212,53,31,67,61,127
41,28,249,91,10,145,134,42,231,148,127
228,223,195,213,121,145,219,7,221,118,127
98,46,154,170,15,227,161,190,155,230,127
81,240,156,160,41,4,66,3,144,104,127
110,247,233,42,211,74,168,185,200,102,127
136,183,171,151,177,122,199,172,181,247,127
201,140,246,150,237,211,42,43,93,226,127
72,167,51,80,136,244,233,184,140,1,127
189,167,118,30,147,8,184,239,124,67,127
215,33,244,211,9,85,205,197,198,190,127
127,77,133,49,221,192,47,88,4,103,127
200,23,165,133,54,229,51,195,138,2,127
221,115,82,197,135,217,179,248,206,249,127
190,70,132,100,25,32,31,196,90,250,127
220,152,238,187,197,46,121,187,150,250,127
221,81,41,205,34,106,104,245,234,51,127
52,42,220,91,135,213,220,228,152,51,127
130,120,226,154,179,5,109,215,67,101,127
44,58,48,245,222,158,135,187,138,151,127
183,69,46,73,39,20,180,108,190,228,127
144,187,32,54,72,219,17,58,162,182,127
217,163,139,241,53,71,186,235,181,227,127
76,26,82,165,41,8,203,60,177,108,127
13,42,174,105,67,165,59,109,249,75,127
80,62,150,170,229,213,118,252,80,66,127
162,172,203,115,142,5,101,61,122,244,127
169,164,19,194,30,139,121,166,84,149,127
234,126,56,155,148,243,186,113,253,47,127
100,190,25,69,72,44,229,181,209,138,127
199,64,248,248,199,100,75,226,125,206,127
183,197,164,142,101,140,217,124,33,156,127
15,81,169,13,1,25,1,213,139,100,127
94,199,70,16,125,98,86,110,234,21,127
66,130,125,93,214,150,130,75,91,244,127
138,64,82,112,196,216,99,235,222,244,127
222,54,70,218,67,143,1,156,130,75,127
145,208,121,243,83,23,250,133,102,151,127
67,76,34,101,165,54,16,129,105,159,127
83,207,186,152,53,150,243,85,52,136,127
106,180,62,154,133,38,52,127,19,133,127
39,189,158,115,213,48,115,217,21,94,127
89,152,135,220,248,8,240,248,226,204,127
242,16,0,133,19,185,101,190,102,161,127
248,230,98,177,194,231,163,244,4,249,127
211,216,217,98,46,51,15,236,83,33,127
92,10,174,237,193,239,105,4,200,164,127
138,205,81,150,242,74,18,254,29,9,127
175,199,123,70,219,218,153,168,224,37,127
247,220,68,39,202,82,186,151,92,50,127
25,134,182,72,197,96,196,158,158,207,127
183,88,252,66,55,5,118,216,237,124,127
155,254,104,206,49,87,224,174,235,173,127
62,34,224,133,64,141,19,200,129,101,127
249,40,60,92,104,230,195,61,138,169,127
221,38,40,137,128,139,210,29,189,185,127
8,38,67,55,142,16,181,69,111,19,127
43,243,187,54,248,188,4,216,88,63,127
142,177,179,158,134,47,163,12,71,197,127
96,210,91,202,117,186,67,37,221,12,127
187,72,245,131,36,113,227,240,182,149,127
17,234,52,172,41,210,133,30,152,88,127
242,77,57,234,207,97,66,168,58,41,127
247,127,197,3,119,118,120,125,211,182,127
42,57,223,179,191,49,163,178,233,157,127
37,2,93,161,61,180,82,34,225,188,127
206,208,104,10,171,116,5,27,5,75,127
199,110,125,38,50,155,147,252,9,92,127
115,127,124,95,162,183,84,26,143,20,127
175,97,121,110,248,218,2,12,49,70,127
104,114,17,179,140,82,60,71,81,202,127
43,212,44,80,34,211,145,101,212,151,127
45,220,208,15,186,81,219,145,148,41,127
140,8,193,8,73,30,242,122,30,46,127
216,249,64,188,115,10,207,37,109,140,127
234,85,207,181,60,122,190,209,122,220,127
96,172,27,166,205,178,120,249,141,236,127
174,142,253,71,77,196,84,192,55,118,127
42,217,83,60,150,209,41,185,102,21,127
242,91,239,57,72,93,123,193,87,182,127
235,117,73,98,207,103,11,63,113,23,127
15,248,234,13,115,147,158,235,207,95,127
200,228,174,41,8,168,225,37,253,67,127
85,166,72,230,166,115,58,34,99,228,127
66,25,235,16,69,119,24,74,27,176,127
171,83,174,65,47,194,18,219,95,116,127
124,222,77,14,14,169,148,13,194,83,127
152,224,237,170,131,143,194,245,48,175,127
82,201,235,206,69,14,77,103,98,61,127
185,163,116,82,184,132,120,38,165,160,127
127,127,215,161,130,252,50,184,237,152,127
6,11,29,245,57,156,106,161,105,3,127
107,35,219,40,230,52,227,187,197,59,127
168,236,8,96,54,14,122,220,110,141,127
53,96,100,221,133,22,149,212,119,57,127
41,72,176,75,2,75,190,76,153,164,127
124,21,196,180,57,243,88,77,57,45,127
81,92,95,6,77,120,106,180,230,26,127
251,117,242,214,240,88,65,162,154,214,127
236,132,147,84,3,136,214,156,71,96,127
229,58,14,136,58,14,149,251,81,60,127
90,73,188,69,165,252,82,71,75,252,127
149,80,237,76,138,162,61,246,1,233,127
171,247,178,141,240,16,80,241,126,208,127
62,22,164,242,25,136,135,188,42,84,127
132,121,148,113,115,217,66,97,213,116,127
98,32,92,175,251,48,205,5,114,208,127
53,167,32,166,133,143,37,229,50,23,127
31,17,127,131,152,163,8,156,216,218,127
65,62,122,4,144,60,74,13,170,119,127
2,81,38,147,193,216,60,141,122,216,127
194,139,108,73,78,33,119,230,46,24,127
64,171,156,145,140,51,231,169,20,25,127
173,91,106,68,136,84,219,187,65,76,127
100,249,20,97,190,136,136,217,144,78,127
85,244,51,85,176,68,224,224,209,77,127
217,224,70,31,222,17,204,34,7,37,127
15,27,155,156,247,79,131,6,75,189,127
212,170,170,217,31,92,162,47,183,79,127
181,120,82,54,110,85,248,181,52,114,127
184,247,148,43,185,13,156,185,47,52,127
20,170,178,45,219,89,188,152,229,64,127
34,41,254,87,230,84,189,16,15,103,127
66,113,60,69,198,76,153,200,103,167,127
124,53,35,34,217,179,217,87,239,27,127
210,83,28,128,111,15,94,96,154,229,127
155,208,175,108,84,22,137,36,252,200,127
90,219,37,69,176,134,114,202,44,235,127
98,40,12,109,116,83,96,84,246,240,127
108,197,134,162,52,202,157,187,176,177,127
14,177,71,20,216,21,140,54,165,91,127
213,112,251,38,50,139,96,191,187,65,127
244,218,214,31,25,132,185,122,72,246,127
247,155,226,28,152,226,61,150,189,57,127
61,117,88,89,14,87,149,29,3,65,127
117,21,230,126,250,198,37,173,170,143,127
99,217,48,225,50,253,68,9,206,49,127
58,199,18,141,108,62,127,12,218,105,127
110,116,242,12,92,169,152,113,112,48,127
79,77,26,161,139,40,133,126,7,9,127
84,98,24,128,105,27,185,187,95,226,127
39,161,196,160,248,142,31,0,251,200,127
149,244,21,144,246,45,145,234,232,186,127
38,237,71,201,5,128,136,190,149,72,127
106,208,250,135,43,212,119,41,26,203,127
113,164,146,234,34,169,90,125,231,240,127
176,208,217,21,196,136,3,43,102,135,127
42,36,151,41,67,130,6,126,195,203,127
151,218,254,2,221,177,229,180,174,28,127
151,28,130,168,188,49,247,33,43,54,127
216,37,248,98,225,99,141,207,59,170,127
7,205,195,40,33,235,71,84,100,146,127
179,70,52,166,44,93,246,132,145,168,127
68,188,228,190,181,194,25,152,186,120,127
108,188,178,91,135,241,137,166,242,134,127
52,29,236,27,72,140,21,87,226,49,127
251,99,140,152,107,11,99,122,168,179,127
39,169,252,232,119,38,206,208,38,120,127
221,71,125,172,151,58,231,133,180,44,127
112,40,244,146,232,104,151,66,91,125,127
138,66,93,231,172,156,61,152,18,63,127
70,23,60,59,124,60,250,140,173,142,127
139,147,161,209,215,217,65,137,199,167,127
106,112,237,62,248,54,164,13,196,119,127
221,79,146,223,92,11,210,15,194,174,127
112,55,101,181,173,143,245,253,179,7,127
241,6,234,5,162,189,4,7,193,26,127
237,133,48,25,252,220,180,228,14,5,127
151,155,137,217,207,97,100,4,229,183,127
72,208,115,198,193,142,213,82,65,68,127
2,40,177,72,252,120,137,164,28,219,127
97,83,250,234,13,117,168,83,99,249,127
23,92,60,241,246,51,10,105,85,78,127
234,231,166,192,26,15,96,62,57,34,127
42,197,233,75,235,71,124,71,249,185,127
199,65,64,47,96,95,247,26,173,64,127
29,67,201,64,138,73,4,5,71,59,127
160,20,78,154,120,182,252,32,67,19,127
215,156,33,213,145,249,206,87,252,40,127
96,103,8,26,208,142,49,251,227,52,127
184,36,191,129,223,210,168,36,14,245,127
185,225,4,225,102,32,89,37,226,73,127
8,246,154,34,234,201,195,247,198,104,127
152,179,245,158,16,97,238,97,90,189,127
244,192,136,194,21,108,243,41,20,191,127
212,72,104,57,129,121,200,11,250,247,127
176,45,64,245,25,85,23,194,17,137,127
222,163,29,68,233,103,111,146,69,251,127
106,19,14,147,144,220,155,18,212,244,127
183,122,241,217,28,29,184,126,49,23,127
219,45,169,212,182,239,135,87,186,1,127
194,7,185,2,185,234,186,22,188,222,127
174,241,23,232,10,35,151,48,34,38,127
231,72,120,61,141,62,29,8,239,67,127
197,64,51,173,45,72,143,64,39,97,127
162,66,83,19,234,102,64,102,93,47,127
235,33,213,107,88,11,161,180,93,218,127
85,175,87,155,71,147,145,248,90,118,127
5,140,12,46,179,84,199,106,64,42,127
11,179,11,202,254,160,144,192,99,226,127
100,85,66,33,34,208,1,191,3,102,127
251,32,81,245,246,250,127,197,3,144,127
154,178,49,239,25,6,120,196,209,192,127
166,244,50,50,154,88,65,252,157,236,127
133,35,94,163,65,215,13,84,234,25,127
236,8,232,154,86,111,116,205,124,238,127
66,21,198,131,131,10,96,232,190,241,127
19,208,66,248,51,52,105,136,139,201,127
202,12,201,229,217,104,124,168,172,47,127
229,206,253,18,41,205,131,151,122,77,127
96,64,104,159,235,243,106,141,106,119,127
58,61,190,65,163,71,24,12,227,36,127
4,103,236,243,227,222,47,63,102,22,127
209,134,138,5,120,31,248,32,54,224,127
157,112,108,158,222,52,6,86,186,149,127
61,199,110,83,16,95,33,10,95,206,127
207,14,28,208,103,179,132,63,70,63,127
112,252,216,231,122,232,116,225,6,185,127
200,216,121,160,202,136,113,182,238,91,127
196,246,58,65,154,122,7,141,56,59,127
8,220,193,199,4,171,154,88,223,71,127
154,115,134,194,207,230,196,198,54,29,127
237,250,63,22,147,21,78,51,13,45,127
149,120,236,215,112,18,15,238,194,20,127
236,33,171,20,139,208,70,231,223,163,127
188,96,83,243,10,24,224,251,139,225,127
177,208,119,175,231,43,61,209,106,36,127
105,0,135,82,94,49,141,183,202,184,127
156,197,80,30,245,165,92,194,206,30,127
29,185,3,101,144,183,80,221,252,29,127
220,70,156,103,145,141,123,223,133,173,127
198,142,223,50,173,24,107,14,95,239,127
175,24,172,201,185,68,220,126,222,55,127
182,83,65,116,47,181,66,74,249,134,127
21,210,21,108,223,241,138,220,195,223,127
16,83,23,124,210,205,58,97,92,136,127
180,251,183,13,216,146,229,225,104,31,127
161,151,146,10,82,118,226,54,177,195,127
194,94,120,172,46,74,230,55,95,134,127
239,223,200,119,163,108,121,77,34,101,127
203,20,222,140,87,69,176,253,179,122,127
246,68,167,127,159,244,176,115,182,230,127
226,158,191,173,38,55,199,139,146,10,127
75,234,64,152,174,217,136,245,179,38,127
104,2,193,65,133,123,239,209,157,98,127
213,236,67,59,121,220,6,252,12,74,127
234,107,210,207,63,113,224,150,159,204,127
14,69,60,166,61,136,233,64,123,57,127
172,151,119,227,179,55,111,199,80,66,127
200,11,253,72,239,175,157,157,18,217,127
249,59,16,195,29,190,60,16,15,12,127
56,188,59,104,115,218,135,128,17,204,127
132,226,97,187,66,87,21,168,27,105,127
72,109,123,84,230,69,141,192,242,4,127
55,187,99,187,31,16,148,4,34,219,127
52,218,28,64,238,142,190,56,92,250,127
17,21,194,76,226,41,193,193,128,178,127
73,206,24,132,27,100,125,115,160,73,127
54,212,123,237,97,198,193,165,142,122,127
201,176,193,226,202,222,73,159,103,90,127
195,73,251,147,228,153,206,214,90,205,127
120,179,112,104,182,106,162,113,130,228,127
122,192,28,175,208,232,82,15,163,61,127
97,166,234,110,246,30,212,164,148,23,127
207,182,74,198,82,72,142,53,177,47,127
185,43,80,57,219,235,89,111,130,218,127
160,104,101,132,148,97,95,53,0,137,127
183,118,50,119,150,52,81,109,139,234,127
68,187,140,123,135,122,151,128,133,103,127
60,114,225,43,37,76,172,136,237,31,127
58,99,48,15,232,79,228,11,146,54,127
97,197,118,99,10,112,128,45,204,178,127
204,116,72,58,103,235,185,33,233,17,127
94,249,34,59,172,6,179,245,77,146,127
134,124,74,233,186,225,253,56,100,231,127
142,10,132,211,98,119,251,102,196,181,127
203,27,134,74,213,69,226,65,100,188,127
140,76,102,245,7,68,119,182,40,114,127
244,162,64,190,199,153,90,198,25,134,127
194,29,105,6,41,109,70,89,148,223,127
149,71,100,70,183,4,238,33,5,177,127
251,252,235,180,77,103,52,176,223,214,127
248,30,145,205,206,242,138,109,37,24,127
235,67,169,30,160,19,221,229,138,165,127
223,4,188,27,97,169,10,243,98,45,127
212,160,225,232,32,166,132,28,84,65,127
194,18,66,137,235,234,215,1,143,220,127
245,122,40,189,234,156,108,81,207,201,127
23,166,148,202,147,13,201,191,191,104,127
47,171,35,93,91,15,216,138,50,253,127
32,230,222,140,29,153,96,198,238,144,127
89,99,163,24,71,58,216,223,112,226,127
134,254,190,208,99,35,229,209,219,218,127
174,237,0,24,83,37,85,39,165,3,127
178,144,7,242,227,14,202,39,56,183,127
30,11,157,38,83,195,183,189,175,46,127
71,2,187,164,192,13,76,114,104,155,127
215,124,146,111,26,122,208,29,37,249,127
231,130,211,208,27,239,154,103,19,197,127
17,230,252,114,72,3,31,27,95,6,127
47,44,198,133,48,24,87,243,90,13,127
182,187,226,238,62,47,205,210,169,183,127
5,227,87,73,13,89,156,114,252,129,127
237,98,176,51,82,253,50,134,68,80,127
28,12,198,116,174,124,176,243,193,182,127
157,107,6,229,66,165,3,74,188,36,127
87,79,246,43,0,218,181,104,90,12,127
132,67,67,61,225,218,198,219,155,115,127
160,51,32,36,20,132,192,162,150,32,127
106,205,227,148,12,108,152,191,60,36,127
164,39,16,243,32,2,184,140,81,117,127
120,149,225,74,89,235,243,115,44,119,127
253,16,21,7,42,5,146,115,19,8,127
179,97,214,183,173,164,68,105,231,202,127
75,181,5,71,67,181,131,16,134,144,127
3,137,58,189,254,250,121,187,171,60,127
249,229,47,212,138,54,111,153,60,228,127
1,65,168,89,172,67,144,145,138,137,127
82,118,113,125,218,195,207,157,133,133,127
120,40,22,147,141,157,121,77,131,85,127
94,70,169,162,86,15,168,226,158,40,127
229,193,82,157,82,22,136,219,84,232,127
49,31,234,158,244,254,3,180,110,47,127
59,11,7,203,106,56,73,79,177,7,127
214,82,181,223,2,23,242,110,204,1,127
133,71,49,79,64,81,180,173,181,89,127
15,13,148,14,61,243,129,216,235,253,127
161,96,115,117,249,65,160,244,144,62,127
222,149,13,128,182,236,225,56,155,30,127
141,90,30,52,154,177,157,206,240,134,127
84,241,33,168,85,83,15,19,66,219,127
120,19,249,186,220,23,65,246,9,165,127
29,242,78,132,127,5,145,242,101,250,127
134,64,230,164,210,186,189,154,235,86,127
80,147,60,203,250,3,27,83,43,134,127
216,48,77,109,98,217,163,17,64,12,127
67,148,202,64,44,130,247,228,204,106,127
68,26,37,109,252,58,7,241,91,227,127
122,245,153,87,10,107,1,24,116,227,127
207,83,50,15,133,225,141,89,82,208,127
183,38,125,197,35,142,21,147,197,86,127
154,218,142,195,57,248,19,91,100,131,127
239,28,195,33,65,130,164,156,170,217,127
106,252,236,171,103,37,2,240,191,178,127
69,221,44,46,181,190,192,44,83,189,127
90,64,69,98,130,148,47,68,25,233,127
185,118,152,219,44,228,128,232,166,57,127
42,19,60,250,62,203,166,212,141,186,127
106,181,207,196,176,189,101,208,141,131,127
35,171,210,88,79,227,41,76,142,151,127
187,154,228,41,245,200,166,180,200,7,127
27,17,22,223,111,19,240,126,32,48,127
230,83,128,186,69,102,195,205,95,220,127
72,142,32,205,42,31,166,0,9,254,127
196,61,61,44,18,142,205,84,249,91,127
179,164,238,164,208,81,61,241,158,65,127
173,78,239,168,70,97,153,108,115,202,127
234,117,144,221,210,215,225,50,91,247,127
58,231,185,141,187,41,61,101,9,226,127
225,237,20,183,72,181,151,72,226,29,127
218,3,88,216,173,168,61,47,117,231,127
232,8,95,141,107,192,205,198,12,217,127
90,54,49,74,235,31,141,79,31,213,127
179,223,151,194,79,239,239,87,39,85,127
234,4,187,184,60,246,111,31,108,198,127
145,198,111,16,219,118,212,107,130,15,127
81,218,158,7,109,110,55,100,239,65,127
105,86,115,115,108,44,252,37,91,59,127
237,108,223,228,187,45,102,109,138,150,127
115,170,105,110,69,141,11,250,54,144,127
86,23,178,1,227,158,144,117,156,51,127
85,153,90,143,31,206,153,61,62,163,127
74,218,164,186,242,124,177,237,180,16,127
217,211,166,214,246,107,248,90,25,218,127
23,225,199,139,188,41,72,233,31,179,127
198,66,246,93,252,44,129,191,120,225,127
219,127,196,130,86,36,199,214,150,118,127
190,204,138,142,210,143,145,193,119,122,127
114,39,11,182,140,15,202,166,128,96,127
132,161,36,100,205,171,42,29,230,246,127
6,207,229,94,85,75,89,117,90,142,127
65,26,119,11,230,117,72,91,178,15,127
154,10,148,145,183,206,123,29,188,116,127
93,44,74,161,86,23,173,238,34,145,127
40,6,249,154,111,173,157,7,243,148,127
7,225,115,238,1,43,155,152,232,189,127
238,52,141,33,200,33,216,102,35,108,127
147,85,60,214,180,73,75,20,55,60,127
194,197,192,152,86,65,91,113,12,194,127
239,96,230,216,7,212,56,95,143,58,127
36,128,22,209,100,179,51,57,235,253,127
202,241,189,211,129,194,233,122,119,153,127
138,86,203,201,18,206,146,209,45,133,127
30,156,121,10,174,118,38,186,106,17,127
56,49,95,230,93,226,91,183,167,211,127
134,182,89,30,41,202,249,198,252,182,127
3,124,226,59,141,157,201,229,108,27,127
205,64,36,182,8,178,65,202,206,62,127
134,108,170,85,128,71,176,10,175,62,127
80,134,113,248,247,120,239,217,66,147,127
87,76,251,118,163,34,3,189,238,44,127
106,207,8,193,213,178,178,150,203,90,127
201,110,196,158,130,195,151,164,137,131,127
32,127,169,164,186,142,230,126,32,76,127
168,78,170,97,192,186,228,130,216,94,127
113,236,144,145,157,59,166,216,37,42,127
154,106,105,185,11,7,177,244,248,206,127
127,199,241,60,166,16,244,60,132,28,127
184,71,76,18,34,128,57,245,144,200,127
127,193,142,35,79,68,142,139,75,201,127
202,195,77,14,137,239,2,125,147,149,127
116,198,223,122,36,147,1,60,69,121,127
178,107,243,27,164,105,119,50,89,155,127
57,180,10,202,208,6,172,114,154,77,127
101,201,81,182,102,250,8,136,202,222,127
30,151,173,165,194,71,251,116,108,153,127
34,225,107,65,93,66,235,2,94,120,127
219,234,104,47,156,131,159,108,169,164,127
181,19,174,159,170,198,86,62,58,34,127
181,62,22,138,247,57,88,159,46,131,127
171,196,14,137,119,95,166,247,91,72,127
17,130,90,15,238,143,198,175,192,199,127
183,200,104,208,204,140,254,175,243,185,127
139,158,249,165,90,196,205,47,196,97,127
30,90,93,41,229,215,230,91,49,225,127
76,72,117,207,124,39,87,73,82,240,127
78,13,173,199,223,253,191,220,207,205,127
225,38,139,103,21,204,110,137,10,51,127
203,77,95,198,63,13,124,46,42,188,127
245,176,74,64,238,48,188,102,72,87,127
83,115,134,216,94,192,172,62,195,137,127
75,54,163,13,117,224,138,161,21,25,127
237,235,138,0,196,26,34,89,124,235,127
83,32,149,133,220,37,183,155,38,21,127
151,45,34,20,204,177,238,52,2,25,127
242,140,86,15,141,248,177,79,34,25,127
176,130,231,6,211,203,210,223,225,133,127
25,40,130,34,233,188,5,42,55,230,127
49,151,207,122,6,23,138,119,57,238,127
170,236,165,27,108,177,53,178,57,160,127
142,117,130,163,186,8,51,3,129,123,127
39,176,203,107,122,236,15,42,199,219,127
227,27,57,52,252,204,96,202,162,83,127
45,194,98,217,15,101,149,233,152,109,127
194,68,68,184,242,170,42,237,161,2,127
55,60,184,223,129,182,150,143,89,219,127
127,189,187,218,44,26,37,5,47,187,127
242,177,242,39,225,153,61,229,5,122,127
93,242,73,197,138,102,103,129,95,197,127
96,158,112,177,187,119,217,121,110,193,127
198,213,214,106,211,27,177,53,239,79,127
133,197,206,29,186,107,211,178,233,237,127
156,29,148,129,26,74,228,78,202,110,127
234,51,73,47,197,15,187,226,243,254,127
232,112,204,197,179,205,240,124,159,76,127
52,225,106,26,49,78,132,90,84,160,127
202,57,195,67,63,25,27,62,161,186,127
13,142,24,179,170,10,97,191,47,9,127
199,112,110,36,105,122,210,85,88,177,127
250,242,27,233,4,171,97,140,59,188,127
70,198,106,143,133,103,223,92,2,197,127
127,39,193,150,77,61,240,90,114,245,127
178,233,242,187,241,63,237,112,10,210,127
198,196,84,72,34,100,3,44,251,139,127
19,239,187,138,233,44,110,135,130,170,127
78,3,172,86,207,253,166,69,52,193,127
102,84,188,103,73,178,225,61,83,132,127
124,227,36,148,59,167,56,43,138,84,127
188,169,199,122,50,236,114,156,206,246,127
30,248,85,129,155,189,200,178,200,245,127
44,155,100,36,87,134,119,90,93,200,127
221,190,111,150,81,205,38,83,225,179,127
25,16,209,158,92,74,88,72,15,175,127
102,87,61,209,14,132,86,191,98,34,127
154,128,117,190,72,188,91,55,133,100,127
46,43,99,165,97,246,39,195,132,98,127
38,69,239,201,50,218,137,122,133,128,127
227,216,7,187,120,174,22,174,125,54,127
127,164,153,74,219,133,39,190,14,213,127
222,239,134,77,95,135,175,246,168,235,127
41,10,123,165,166,17,133,89,15,227,127
228,64,200,154,95,166,7,250,203,223,127
235,93,73,102,51,140,230,189,2,112,127
16,7,54,63,210,175,200,134,110,110,127
56,168,116,238,229,134,114,141,33,57,127
20,180,7,125,91,210,201,238,91,208,127
97,182,192,108,14,235,203,24,172,118,127
25,91,209,46,180,211,5,139,25,191,127
64,155,58,75,169,229,105,18,140,78,127
126,53,15,108,171,149,144,11,168,243,127
57,17,194,46,238,9,237,60,129,106,127
73,124,128,115,251,201,208,101,80,235,127
93,57,1,151,181,20,139,7,164,235,127
20,3,174,16,86,49,29,36,78,117,127
190,175,2,219,58,52,25,187,3,175,127
9,27,203,105,122,96,145,84,142,205,127
201,213,116,56,215,163,101,237,32,250,127
16,208,204,202,54,154,185,102,219,48,127
238,121,245,136,219,197,173,93,205,251,127
32,197,91,206,81,35,211,21,156,208,127
70,107,76,180,152,149,105,102,126,39,127
14,154,46,100,69,80,5,238,204,147,127
225,185,59,86,31,52,181,91,244,78,127
82,3,215,57,31,17,172,149,181,85,127
237,65,133,228,57,33,26,78,208,56,127
76,213,140,174,102,134,187,69,231,135,127
64,156,216,71,219,91,125,196,215,133,127
73,132,246,86,237,97,156,171,180,148,127
193,36,21,228,8,182,55,58,69,76,127
98,84,254,249,16,133,134,192,12,241,127
19,126,126,153,90,195,216,226,126,167,127
128,61,184,214,108,37,40,79,211,121,127
190,104,75,49,79,200,171,82,144,120,127
120,48,224,120,49,253,186,167,151,15,127
236,181,191,152,47,240,174,245,61,184,127
137,78,115,77,171,183,132,233,164,233,127
150,59,119,18,143,36,110,208,193,115,127
82,141,90,212,42,223,114,73,1,250,127
73,248,45,134,228,193,104,6,33,19,127
52,33,87,104,218,193,177,22,42,232,127
33,200,223,178,11,162,196,23,230,174,127
167,190,222,93,33,102,125,148,165,35,127
48,7,227,32,134,113,202,216,55,239,127
39,163,144,26,90,146,31,44,227,107,127
185,127,15,237,22,98,187,253,27,81,127
112,37,172,172,112,194,113,176,46,104,127
116,58,1,12,46,240,74,11,146,129,127
1,133,20,76,56,144,46,12,59,19,127
134,87,238,151,144,171,154,72,147,84,127
88,45,77,73,100,47,73,198,87,114,127
133,226,234,115,187,59,170,85,220,72,127
106,43,6,57,155,57,11,174,9,37,127
216,30,168,244,244,238,219,39,98,154,127
68,212,154,70,67,68,175,157,55,89,127
79,58,25,217,222,43,77,83,68,199,127
202,110,20,82,156,40,124,136,82,43,127
218,33,186,15,7,102,73,192,4,44,127
118,142,237,2,229,101,218,178,41,54,127
122,154,91,198,16,215,90,85,112,34,127
126,75,214,43,62,183,228,42,23,14,127
181,148,251,183,110,221,37,230,201,75,127
20,64,235,37,218,159,246,158,168,149,127
44,227,173,111,41,148,55,2,225,40,127
240,41,228,211,161,201,86,182,8,102,127
183,3,140,241,114,8,93,125,195,76,127
138,49,43,250,65,50,41,125,234,64,127
235,136,225,173,223,105,175,147,93,137,127
246,150,100,2,165,247,161,222,103,21,127
9,108,58,184,173,200,168,18,99,37,127
38,157,252,41,165,67,249,66,123,178,127
233,96,82,9,196,205,40,15,248,66,127
24,100,53,56,154,188,242,34,98,121,127
164,76,58,45,216,24,80,140,93,36,127
183,174,135,47,97,172,23,254,179,58,127
137,121,23,168,17,89,120,112,36,155,127
22,81,21,114,211,87,160,113,64,253,127
65,13,99,105,179,53,54,178,2,113,127
149,38,2,128,15,25,7,72,240,169,127
15,44,220,123,67,104,11,223,69,220,127
170,81,232,105,11,190,67,44,109,230,127
138,68,52,104,177,117,4,105,19,210,127
163,64,168,129,114,234,22,30,35,182,127
232,18,198,183,231,12,6,248,108,249,127
58,197,66,60,156,247,151,113,206,25,127
220,45,108,244,228,231,135,30,209,159,127
193,188,211,234,128,245,134,40,162,68,127
246,192,203,224,215,137,20,136,218,235,127
153,253,20,26,217,107,129,231,144,59,127
41,120,3,205,32,116,160,115,160,225,127
92,40,97,224,15,173,234,40,214,74,127
48,59,167,135,197,36,96,114,110,142,127
56,99,229,99,254,193,27,52,234,63,127
66,90,235,69,190,229,132,137,195,49,127
